source_id,source_file,canonical_ids,original_title,original_workflow,original_uncertainties,original_scope_status,original_evidence_level,original_source_url,exact_original_row_json
MARG-001,../marg/webapp-parity-map.csv,ERP-002,Inventory Management,"Create items; receive, reserve, issue and inspect stock movements with balances.",Item/unit/location masters; precise reservation and valuation policies need agreement.,preserved_in_scope,vendor_matrix; workflow is proposed interpretation,https://margcompusoft.com/marg-features.html,"{""concrete_user_workflow"": ""Create items; receive, reserve, issue and inspect stock movements with balances."", ""dependencies_uncertainties"": ""Item/unit/location masters; precise reservation and valuation policies need agreement."", ""evidence_level"": ""vendor_matrix; workflow is proposed interpretation"", ""feature_id"": ""MARG-001"", ""inventory_origin"": ""edition_matrix"", ""proposed_browser_module"": ""Inventory"", ""scope_status"": ""preserved_in_scope"", ""source_basic"": ""included"", ""source_feature"": ""Inventory Management"", ""source_gold"": ""included"", ""source_retrieved_date"": ""2026-09-24"", ""source_row_number"": ""1"", ""source_sequence"": ""1"", ""source_silver"": ""included"", ""source_url"": ""https://margcompusoft.com/marg-features.html""}"
MARG-002,../marg/webapp-parity-map.csv,ERP-003,Multi Store Management (Godown Management),"Create godowns; receive, sell and transfer goods by location; compare availability.",Locations are distinct from legal companies and GST registrations; transfer valuation needs examples.,preserved_in_scope,vendor_matrix; workflow is proposed interpretation,https://margcompusoft.com/marg-features.html,"{""concrete_user_workflow"": ""Create godowns; receive, sell and transfer goods by location; compare availability."", ""dependencies_uncertainties"": ""Locations are distinct from legal companies and GST registrations; transfer valuation needs examples."", ""evidence_level"": ""vendor_matrix; workflow is proposed interpretation"", ""feature_id"": ""MARG-002"", ""inventory_origin"": ""edition_matrix"", ""proposed_browser_module"": ""Warehouses and stores"", ""scope_status"": ""preserved_in_scope"", ""source_basic"": ""excluded"", ""source_feature"": ""Multi Store Management (Godown Management)"", ""source_gold"": ""included"", ""source_retrieved_date"": ""2026-09-24"", ""source_row_number"": ""2"", ""source_sequence"": ""2"", ""source_silver"": ""included"", ""source_url"": ""https://margcompusoft.com/marg-features.html""}"
MARG-003,../marg/webapp-parity-map.csv,ERP-010,Sales / Purchase Invoice,Create sale and supplier invoices; calculate totals; post linked stock and account effects.,"Party/item/rate/tax masters; cash/credit, numbering and document corrections need explicit examples.",preserved_in_scope,vendor_matrix; workflow is proposed interpretation,https://margcompusoft.com/marg-features.html,"{""concrete_user_workflow"": ""Create sale and supplier invoices; calculate totals; post linked stock and account effects."", ""dependencies_uncertainties"": ""Party/item/rate/tax masters; cash/credit, numbering and document corrections need explicit examples."", ""evidence_level"": ""vendor_matrix; workflow is proposed interpretation"", ""feature_id"": ""MARG-003"", ""inventory_origin"": ""edition_matrix"", ""proposed_browser_module"": ""Sales and purchasing"", ""scope_status"": ""preserved_in_scope"", ""source_basic"": ""included"", ""source_feature"": ""Sales / Purchase Invoice"", ""source_gold"": ""included"", ""source_retrieved_date"": ""2026-09-24"", ""source_row_number"": ""3"", ""source_sequence"": ""3"", ""source_silver"": ""included"", ""source_url"": ""https://margcompusoft.com/marg-features.html""}"
MARG-004,../marg/webapp-parity-map.csv,ERP-009;WORK-13,Sales Order / Purchase Order & Challan Entry (Delivery Challan) Management,Record sales/PO commitments; release delivery challans; receive or invoice selected quantities.,"Partial completion, cancellations and multiple orders per invoice need acceptance examples.",preserved_in_scope,vendor_matrix; workflow is proposed interpretation,https://margcompusoft.com/marg-features.html,"{""concrete_user_workflow"": ""Record sales/PO commitments; release delivery challans; receive or invoice selected quantities."", ""dependencies_uncertainties"": ""Partial completion, cancellations and multiple orders per invoice need acceptance examples."", ""evidence_level"": ""vendor_matrix; workflow is proposed interpretation"", ""feature_id"": ""MARG-004"", ""inventory_origin"": ""edition_matrix"", ""proposed_browser_module"": ""Orders and fulfilment"", ""scope_status"": ""preserved_in_scope"", ""source_basic"": ""included"", ""source_feature"": ""Sales Order / Purchase Order & Challan Entry (Delivery Challan) Management"", ""source_gold"": ""included"", ""source_retrieved_date"": ""2026-09-24"", ""source_row_number"": ""4"", ""source_sequence"": ""4"", ""source_silver"": ""included"", ""source_url"": ""https://margcompusoft.com/marg-features.html""}"
MARG-005,../marg/webapp-parity-map.csv,ERP-010,Counter Sale Entry & Temporary Purchase Entry,Record fast counter sales and provisional purchases; complete reviewed records later.,Define stock/account impact before finalization and distinguish provisional from posted documents.,preserved_in_scope,vendor_matrix; workflow is proposed interpretation,https://margcompusoft.com/marg-features.html,"{""concrete_user_workflow"": ""Record fast counter sales and provisional purchases; complete reviewed records later."", ""dependencies_uncertainties"": ""Define stock/account impact before finalization and distinguish provisional from posted documents."", ""evidence_level"": ""vendor_matrix; workflow is proposed interpretation"", ""feature_id"": ""MARG-005"", ""inventory_origin"": ""edition_matrix"", ""proposed_browser_module"": ""Counter and provisional entry"", ""scope_status"": ""preserved_in_scope"", ""source_basic"": ""included"", ""source_feature"": ""Counter Sale Entry & Temporary Purchase Entry"", ""source_gold"": ""included"", ""source_retrieved_date"": ""2026-09-24"", ""source_row_number"": ""5"", ""source_sequence"": ""5"", ""source_silver"": ""included"", ""source_url"": ""https://margcompusoft.com/marg-features.html""}"
MARG-006,../marg/webapp-parity-map.csv,ERP-011,Sale / Purchase Brk/Exp Return & Replacement Issue / Receive Management,Receive customer breakage/expiry returns; return to suppliers; issue or receive replacements.,Original invoice/batch links; commercial versus tax adjustment; fresh versus scrap stock.,preserved_in_scope,vendor_matrix; workflow is proposed interpretation,https://margcompusoft.com/marg-features.html,"{""concrete_user_workflow"": ""Receive customer breakage/expiry returns; return to suppliers; issue or receive replacements."", ""dependencies_uncertainties"": ""Original invoice/batch links; commercial versus tax adjustment; fresh versus scrap stock."", ""evidence_level"": ""vendor_matrix; workflow is proposed interpretation"", ""feature_id"": ""MARG-006"", ""inventory_origin"": ""edition_matrix"", ""proposed_browser_module"": ""Returns and replacements"", ""scope_status"": ""preserved_in_scope"", ""source_basic"": ""included"", ""source_feature"": ""Sale / Purchase Brk/Exp Return & Replacement Issue / Receive Management"", ""source_gold"": ""included"", ""source_retrieved_date"": ""2026-09-24"", ""source_row_number"": ""6"", ""source_sequence"": ""6"", ""source_silver"": ""included"", ""source_url"": ""https://margcompusoft.com/marg-features.html""}"
MARG-007,../marg/webapp-parity-map.csv,ERP-012,Price Difference Sale / Purchase Management,Create sale/purchase price-difference adjustments referencing affected documents.,"Rate basis, quantities, free goods and tax treatment need reviewed examples.",preserved_in_scope,vendor_matrix; workflow is proposed interpretation,https://margcompusoft.com/marg-features.html,"{""concrete_user_workflow"": ""Create sale/purchase price-difference adjustments referencing affected documents."", ""dependencies_uncertainties"": ""Rate basis, quantities, free goods and tax treatment need reviewed examples."", ""evidence_level"": ""vendor_matrix; workflow is proposed interpretation"", ""feature_id"": ""MARG-007"", ""inventory_origin"": ""edition_matrix"", ""proposed_browser_module"": ""Price adjustments"", ""scope_status"": ""preserved_in_scope"", ""source_basic"": ""included"", ""source_feature"": ""Price Difference Sale / Purchase Management"", ""source_gold"": ""included"", ""source_retrieved_date"": ""2026-09-24"", ""source_row_number"": ""7"", ""source_sequence"": ""7"", ""source_silver"": ""included"", ""source_url"": ""https://margcompusoft.com/marg-features.html""}"
MARG-008,../marg/webapp-parity-map.csv,ERP-005,Conversion Entry Management,Convert one stock form/unit or item into another and inspect resulting quantities.,"Vendor label is broad; confirm packing/unpacking, conversion ratios, wastage and costing behavior.",preserved_in_scope,vendor_matrix; workflow is proposed interpretation,https://margcompusoft.com/marg-features.html,"{""concrete_user_workflow"": ""Convert one stock form/unit or item into another and inspect resulting quantities."", ""dependencies_uncertainties"": ""Vendor label is broad; confirm packing/unpacking, conversion ratios, wastage and costing behavior."", ""evidence_level"": ""vendor_matrix; workflow is proposed interpretation"", ""feature_id"": ""MARG-008"", ""inventory_origin"": ""edition_matrix"", ""proposed_browser_module"": ""Inventory conversion"", ""scope_status"": ""preserved_in_scope"", ""source_basic"": ""excluded"", ""source_feature"": ""Conversion Entry Management"", ""source_gold"": ""included"", ""source_retrieved_date"": ""2026-09-24"", ""source_row_number"": ""8"", ""source_sequence"": ""8"", ""source_silver"": ""included"", ""source_url"": ""https://margcompusoft.com/marg-features.html""}"
MARG-009,../marg/webapp-parity-map.csv,ERP-009;WORK-13,Purchase Indent & Quotation Entry Management,Raise purchase indents; collect supplier quotes; compare and convert accepted quantities to orders.,"Quote versioning, approval and links to purchase orders require workflow validation.",preserved_in_scope,vendor_matrix; workflow is proposed interpretation,https://margcompusoft.com/marg-features.html,"{""concrete_user_workflow"": ""Raise purchase indents; collect supplier quotes; compare and convert accepted quantities to orders."", ""dependencies_uncertainties"": ""Quote versioning, approval and links to purchase orders require workflow validation."", ""evidence_level"": ""vendor_matrix; workflow is proposed interpretation"", ""feature_id"": ""MARG-009"", ""inventory_origin"": ""edition_matrix"", ""proposed_browser_module"": ""Procurement requests and quotes"", ""scope_status"": ""preserved_in_scope"", ""source_basic"": ""excluded"", ""source_feature"": ""Purchase Indent & Quotation Entry Management"", ""source_gold"": ""included"", ""source_retrieved_date"": ""2026-09-24"", ""source_row_number"": ""9"", ""source_sequence"": ""9"", ""source_silver"": ""included"", ""source_url"": ""https://margcompusoft.com/marg-features.html""}"
MARG-010,../marg/webapp-parity-map.csv,ERP-007,Consignment Issue & Receive Management,"Issue or receive goods on consignment; record ownership, settlements and unsold returns.",Distinguish custody from ownership and tax points; source label alone does not specify settlement rules.,preserved_in_scope,vendor_matrix; workflow is proposed interpretation,https://margcompusoft.com/marg-features.html,"{""concrete_user_workflow"": ""Issue or receive goods on consignment; record ownership, settlements and unsold returns."", ""dependencies_uncertainties"": ""Distinguish custody from ownership and tax points; source label alone does not specify settlement rules."", ""evidence_level"": ""vendor_matrix; workflow is proposed interpretation"", ""feature_id"": ""MARG-010"", ""inventory_origin"": ""edition_matrix"", ""proposed_browser_module"": ""Consignment"", ""scope_status"": ""preserved_in_scope"", ""source_basic"": ""excluded"", ""source_feature"": ""Consignment Issue & Receive Management"", ""source_gold"": ""included"", ""source_retrieved_date"": ""2026-09-24"", ""source_row_number"": ""10"", ""source_sequence"": ""10"", ""source_silver"": ""included"", ""source_url"": ""https://margcompusoft.com/marg-features.html""}"
MARG-011,../marg/webapp-parity-map.csv,ERP-002,All Inventory Voucher,"Record stock receipts, issues, transfers and adjustments with reason and supporting documents.",Exact voucher catalogue and posting rules need specimen transactions; avoid collapsing distinct movements.,preserved_in_scope,vendor_matrix; workflow is proposed interpretation,https://margcompusoft.com/marg-features.html,"{""concrete_user_workflow"": ""Record stock receipts, issues, transfers and adjustments with reason and supporting documents."", ""dependencies_uncertainties"": ""Exact voucher catalogue and posting rules need specimen transactions; avoid collapsing distinct movements."", ""evidence_level"": ""vendor_matrix; workflow is proposed interpretation"", ""feature_id"": ""MARG-011"", ""inventory_origin"": ""edition_matrix"", ""proposed_browser_module"": ""Inventory vouchers"", ""scope_status"": ""preserved_in_scope"", ""source_basic"": ""excluded"", ""source_feature"": ""All Inventory Voucher"", ""source_gold"": ""included"", ""source_retrieved_date"": ""2026-09-24"", ""source_row_number"": ""11"", ""source_sequence"": ""11"", ""source_silver"": ""included"", ""source_url"": ""https://margcompusoft.com/marg-features.html""}"
MARG-012,../marg/webapp-parity-map.csv,ERP-006,Secondary Stock Management,Maintain and reconcile secondary stock records alongside main stock views.,Meaning of secondary stock is unverified; may differ from channel secondary sales; retain separate requirement.,preserved_in_scope,vendor_matrix; workflow is proposed interpretation,https://margcompusoft.com/marg-features.html,"{""concrete_user_workflow"": ""Maintain and reconcile secondary stock records alongside main stock views."", ""dependencies_uncertainties"": ""Meaning of secondary stock is unverified; may differ from channel secondary sales; retain separate requirement."", ""evidence_level"": ""vendor_matrix; workflow is proposed interpretation"", ""feature_id"": ""MARG-012"", ""inventory_origin"": ""edition_matrix"", ""proposed_browser_module"": ""Secondary stock"", ""scope_status"": ""preserved_in_scope"", ""source_basic"": ""included"", ""source_feature"": ""Secondary Stock Management"", ""source_gold"": ""included"", ""source_retrieved_date"": ""2026-09-24"", ""source_row_number"": ""12"", ""source_sequence"": ""12"", ""source_silver"": ""included"", ""source_url"": ""https://margcompusoft.com/marg-features.html""}"
MARG-013,../marg/webapp-parity-map.csv,ERP-013,"Default Discount / Maximum/ Minimum Discount Management Party, Item, Company Wise, etc.","Set default/minimum/maximum discounts by party, item and manufacturer/company; apply and review overrides.","Precedence, stacking, effective dates and override authority need agreement.",preserved_in_scope,vendor_matrix; workflow is proposed interpretation,https://margcompusoft.com/marg-features.html,"{""concrete_user_workflow"": ""Set default/minimum/maximum discounts by party, item and manufacturer/company; apply and review overrides."", ""dependencies_uncertainties"": ""Precedence, stacking, effective dates and override authority need agreement."", ""evidence_level"": ""vendor_matrix; workflow is proposed interpretation"", ""feature_id"": ""MARG-013"", ""inventory_origin"": ""edition_matrix"", ""proposed_browser_module"": ""Discount controls"", ""scope_status"": ""preserved_in_scope"", ""source_basic"": ""excluded"", ""source_feature"": ""Default Discount / Maximum/ Minimum Discount Management Party, Item, Company Wise, etc."", ""source_gold"": ""included"", ""source_retrieved_date"": ""2026-09-24"", ""source_row_number"": ""13"", ""source_sequence"": ""13"", ""source_silver"": ""included"", ""source_url"": ""https://margcompusoft.com/marg-features.html""}"
MARG-014,../marg/webapp-parity-map.csv,ERP-001;WORK-11,Alternet /Parameter/Substitute wise Searching system,"Find products by name, parameters, alternatives and configured substitutes; select a permitted result.",Curated substitute mappings and vertical-specific constraints; medicinal equivalence cannot be assumed.,preserved_in_scope,vendor_matrix; workflow is proposed interpretation,https://margcompusoft.com/marg-features.html,"{""concrete_user_workflow"": ""Find products by name, parameters, alternatives and configured substitutes; select a permitted result."", ""dependencies_uncertainties"": ""Curated substitute mappings and vertical-specific constraints; medicinal equivalence cannot be assumed."", ""evidence_level"": ""vendor_matrix; workflow is proposed interpretation"", ""feature_id"": ""MARG-014"", ""inventory_origin"": ""edition_matrix"", ""proposed_browser_module"": ""Catalogue search"", ""scope_status"": ""preserved_in_scope"", ""source_basic"": ""excluded"", ""source_feature"": ""Alternet /Parameter/Substitute wise Searching system"", ""source_gold"": ""included"", ""source_retrieved_date"": ""2026-09-24"", ""source_row_number"": ""14"", ""source_sequence"": ""14"", ""source_silver"": ""included"", ""source_url"": ""https://margcompusoft.com/marg-features.html""}"
MARG-015,../marg/webapp-parity-map.csv,ERP-017,Item wise Goods Account (Item Wise Trading A/c Management),"Inspect purchases, sales, margins and balances for an item's trading account.","Define cost valuation, return treatment and links between item accounts and general ledger.",preserved_in_scope,vendor_matrix; workflow is proposed interpretation,https://margcompusoft.com/marg-features.html,"{""concrete_user_workflow"": ""Inspect purchases, sales, margins and balances for an item's trading account."", ""dependencies_uncertainties"": ""Define cost valuation, return treatment and links between item accounts and general ledger."", ""evidence_level"": ""vendor_matrix; workflow is proposed interpretation"", ""feature_id"": ""MARG-015"", ""inventory_origin"": ""edition_matrix"", ""proposed_browser_module"": ""Item trading accounts"", ""scope_status"": ""preserved_in_scope"", ""source_basic"": ""included"", ""source_feature"": ""Item wise Goods Account (Item Wise Trading A/c Management)"", ""source_gold"": ""included"", ""source_retrieved_date"": ""2026-09-24"", ""source_row_number"": ""15"", ""source_sequence"": ""15"", ""source_silver"": ""included"", ""source_url"": ""https://margcompusoft.com/marg-features.html""}"
MARG-016,../marg/webapp-parity-map.csv,ERP-036,Pharmacy H1 & Narcotics Reports's,Capture required medicine/prescriber/patient/sale details and produce H1/narcotics register views.,"Current jurisdiction rules, privacy and retention need specialist review; not a complete clinical system.",preserved_in_scope,vendor_matrix; workflow is proposed interpretation,https://margcompusoft.com/marg-features.html,"{""concrete_user_workflow"": ""Capture required medicine/prescriber/patient/sale details and produce H1/narcotics register views."", ""dependencies_uncertainties"": ""Current jurisdiction rules, privacy and retention need specialist review; not a complete clinical system."", ""evidence_level"": ""vendor_matrix; workflow is proposed interpretation"", ""feature_id"": ""MARG-016"", ""inventory_origin"": ""edition_matrix"", ""proposed_browser_module"": ""Pharmacy statutory registers"", ""scope_status"": ""preserved_in_scope"", ""source_basic"": ""included"", ""source_feature"": ""Pharmacy H1 & Narcotics Reports's"", ""source_gold"": ""included"", ""source_retrieved_date"": ""2026-09-24"", ""source_row_number"": ""16"", ""source_sequence"": ""16"", ""source_silver"": ""included"", ""source_url"": ""https://margcompusoft.com/marg-features.html""}"
MARG-017,../marg/webapp-parity-map.csv,ERP-004,Item Wise Manufacturing Date,Record manufacturing dates on relevant item batches and show them in movement history.,Clarify item default versus batch-specific dates and required date precision.,preserved_in_scope,vendor_matrix; workflow is proposed interpretation,https://margcompusoft.com/marg-features.html,"{""concrete_user_workflow"": ""Record manufacturing dates on relevant item batches and show them in movement history."", ""dependencies_uncertainties"": ""Clarify item default versus batch-specific dates and required date precision."", ""evidence_level"": ""vendor_matrix; workflow is proposed interpretation"", ""feature_id"": ""MARG-017"", ""inventory_origin"": ""edition_matrix"", ""proposed_browser_module"": ""Batch manufacture dates"", ""scope_status"": ""preserved_in_scope"", ""source_basic"": ""included"", ""source_feature"": ""Item Wise Manufacturing Date"", ""source_gold"": ""included"", ""source_retrieved_date"": ""2026-09-24"", ""source_row_number"": ""17"", ""source_sequence"": ""17"", ""source_silver"": ""included"", ""source_url"": ""https://margcompusoft.com/marg-features.html""}"
MARG-018,../marg/webapp-parity-map.csv,ERP-004,Item Wise Expiry Date,Capture expiry dates; filter sale selection and display expiry status.,"Expiry interpretation, permissions and handling of month-only dates require explicit rules.",preserved_in_scope,vendor_matrix; workflow is proposed interpretation,https://margcompusoft.com/marg-features.html,"{""concrete_user_workflow"": ""Capture expiry dates; filter sale selection and display expiry status."", ""dependencies_uncertainties"": ""Expiry interpretation, permissions and handling of month-only dates require explicit rules."", ""evidence_level"": ""vendor_matrix; workflow is proposed interpretation"", ""feature_id"": ""MARG-018"", ""inventory_origin"": ""edition_matrix"", ""proposed_browser_module"": ""Batch expiry dates"", ""scope_status"": ""preserved_in_scope"", ""source_basic"": ""included"", ""source_feature"": ""Item Wise Expiry Date"", ""source_gold"": ""included"", ""source_retrieved_date"": ""2026-09-24"", ""source_row_number"": ""18"", ""source_sequence"": ""18"", ""source_silver"": ""included"", ""source_url"": ""https://margcompusoft.com/marg-features.html""}"
MARG-019,../marg/webapp-parity-map.csv,ERP-004,Expiry Stock Reports,"Inspect near-expiry/expired stock by store, batch and supplier; prepare return candidates.",Configurable horizons and provenance; a report does not itself approve disposal or credit.,preserved_in_scope,vendor_matrix; workflow is proposed interpretation,https://margcompusoft.com/marg-features.html,"{""concrete_user_workflow"": ""Inspect near-expiry/expired stock by store, batch and supplier; prepare return candidates."", ""dependencies_uncertainties"": ""Configurable horizons and provenance; a report does not itself approve disposal or credit."", ""evidence_level"": ""vendor_matrix; workflow is proposed interpretation"", ""feature_id"": ""MARG-019"", ""inventory_origin"": ""edition_matrix"", ""proposed_browser_module"": ""Expiry monitoring"", ""scope_status"": ""preserved_in_scope"", ""source_basic"": ""included"", ""source_feature"": ""Expiry Stock Reports"", ""source_gold"": ""included"", ""source_retrieved_date"": ""2026-09-24"", ""source_row_number"": ""19"", ""source_sequence"": ""19"", ""source_silver"": ""included"", ""source_url"": ""https://margcompusoft.com/marg-features.html""}"
MARG-020,../marg/webapp-parity-map.csv,ERP-038,Ask Bags wise Qty. in Sale/Purchase/Both for Krishi Mandi etc.,Enter bag counts and quantity/weight per bag during sale and purchase; calculate totals.,"Commodity/unit rules, variable bag weights and tare handling need actual mandi examples.",preserved_in_scope,vendor_matrix; workflow is proposed interpretation,https://margcompusoft.com/marg-features.html,"{""concrete_user_workflow"": ""Enter bag counts and quantity/weight per bag during sale and purchase; calculate totals."", ""dependencies_uncertainties"": ""Commodity/unit rules, variable bag weights and tare handling need actual mandi examples."", ""evidence_level"": ""vendor_matrix; workflow is proposed interpretation"", ""feature_id"": ""MARG-020"", ""inventory_origin"": ""edition_matrix"", ""proposed_browser_module"": ""Mandi bag quantities"", ""scope_status"": ""preserved_in_scope"", ""source_basic"": ""excluded"", ""source_feature"": ""Ask Bags wise Qty. in Sale/Purchase/Both for Krishi Mandi etc."", ""source_gold"": ""included"", ""source_retrieved_date"": ""2026-09-24"", ""source_row_number"": ""20"", ""source_sequence"": ""20"", ""source_silver"": ""included"", ""source_url"": ""https://margcompusoft.com/marg-features.html""}"
MARG-021,../marg/webapp-parity-map.csv,ERP-038,Ask Item wise Expenses for Krishi Mandi etc.,"Allocate item-level loading, commission or other mandi expenses while buying/selling.","Expense ownership, taxable treatment and landed-cost allocation require local business rules.",preserved_in_scope,vendor_matrix; workflow is proposed interpretation,https://margcompusoft.com/marg-features.html,"{""concrete_user_workflow"": ""Allocate item-level loading, commission or other mandi expenses while buying/selling."", ""dependencies_uncertainties"": ""Expense ownership, taxable treatment and landed-cost allocation require local business rules."", ""evidence_level"": ""vendor_matrix; workflow is proposed interpretation"", ""feature_id"": ""MARG-021"", ""inventory_origin"": ""edition_matrix"", ""proposed_browser_module"": ""Mandi line expenses"", ""scope_status"": ""preserved_in_scope"", ""source_basic"": ""excluded"", ""source_feature"": ""Ask Item wise Expenses for Krishi Mandi etc."", ""source_gold"": ""included"", ""source_retrieved_date"": ""2026-09-24"", ""source_row_number"": ""21"", ""source_sequence"": ""21"", ""source_silver"": ""included"", ""source_url"": ""https://margcompusoft.com/marg-features.html""}"
MARG-022,../marg/webapp-parity-map.csv,ERP-009,Print Shortage Item Detail in Bill,"Print ordered, fulfilled and shortage quantities on invoices or related documents.",Shortage definitions and customer-visible formatting must match partial fulfilment.,preserved_in_scope,vendor_matrix; workflow is proposed interpretation,https://margcompusoft.com/marg-features.html,"{""concrete_user_workflow"": ""Print ordered, fulfilled and shortage quantities on invoices or related documents."", ""dependencies_uncertainties"": ""Shortage definitions and customer-visible formatting must match partial fulfilment."", ""evidence_level"": ""vendor_matrix; workflow is proposed interpretation"", ""feature_id"": ""MARG-022"", ""inventory_origin"": ""edition_matrix"", ""proposed_browser_module"": ""Shortage on documents"", ""scope_status"": ""preserved_in_scope"", ""source_basic"": ""included"", ""source_feature"": ""Print Shortage Item Detail in Bill"", ""source_gold"": ""included"", ""source_retrieved_date"": ""2026-09-24"", ""source_row_number"": ""22"", ""source_sequence"": ""22"", ""source_silver"": ""included"", ""source_url"": ""https://margcompusoft.com/marg-features.html""}"
MARG-023,../marg/webapp-parity-map.csv,ERP-013,Advance Rate Management (Rate Add/Less on F6 Key and other key),Increase/decrease item rates from a browser action or shortcut and show recalculated totals.,Preserve F6-style speed through configurable safe keys; permissions and rounding need examples.,preserved_in_scope,vendor_matrix; workflow is proposed interpretation,https://margcompusoft.com/marg-features.html,"{""concrete_user_workflow"": ""Increase/decrease item rates from a browser action or shortcut and show recalculated totals."", ""dependencies_uncertainties"": ""Preserve F6-style speed through configurable safe keys; permissions and rounding need examples."", ""evidence_level"": ""vendor_matrix; workflow is proposed interpretation"", ""feature_id"": ""MARG-023"", ""inventory_origin"": ""edition_matrix"", ""proposed_browser_module"": ""Interactive rate controls"", ""scope_status"": ""preserved_in_scope"", ""source_basic"": ""excluded"", ""source_feature"": ""Advance Rate Management (Rate Add/Less on F6 Key and other key)"", ""source_gold"": ""included"", ""source_retrieved_date"": ""2026-09-24"", ""source_row_number"": ""23"", ""source_sequence"": ""23"", ""source_silver"": ""included"", ""source_url"": ""https://margcompusoft.com/marg-features.html""}"
MARG-024,../marg/webapp-parity-map.csv,ERP-004,Separator Batch Maintain e.g. @#*,Capture and search batch identifiers containing meaningful separators without losing identity.,Meaning of source symbols @/#/* is unverified; obtain batch examples and search behavior.,preserved_in_scope,vendor_matrix; workflow is proposed interpretation,https://margcompusoft.com/marg-features.html,"{""concrete_user_workflow"": ""Capture and search batch identifiers containing meaningful separators without losing identity."", ""dependencies_uncertainties"": ""Meaning of source symbols @/#/* is unverified; obtain batch examples and search behavior."", ""evidence_level"": ""vendor_matrix; workflow is proposed interpretation"", ""feature_id"": ""MARG-024"", ""inventory_origin"": ""edition_matrix"", ""proposed_browser_module"": ""Batch separators"", ""scope_status"": ""preserved_in_scope"", ""source_basic"": ""included"", ""source_feature"": ""Separator Batch Maintain e.g. @#*"", ""source_gold"": ""included"", ""source_retrieved_date"": ""2026-09-24"", ""source_row_number"": ""24"", ""source_sequence"": ""24"", ""source_silver"": ""included"", ""source_url"": ""https://margcompusoft.com/marg-features.html""}"
MARG-025,../marg/webapp-parity-map.csv,ERP-004,Separator Batch Split Auto/Sami/Manual 2nd etc..,"Split required quantities among batches automatically, with confirmation, or manually.","Verify source auto/semi/manual semantics, selection rules and lot traceability.",preserved_in_scope,vendor_matrix; workflow is proposed interpretation,https://margcompusoft.com/marg-features.html,"{""concrete_user_workflow"": ""Split required quantities among batches automatically, with confirmation, or manually."", ""dependencies_uncertainties"": ""Verify source auto/semi/manual semantics, selection rules and lot traceability."", ""evidence_level"": ""vendor_matrix; workflow is proposed interpretation"", ""feature_id"": ""MARG-025"", ""inventory_origin"": ""edition_matrix"", ""proposed_browser_module"": ""Batch splitting"", ""scope_status"": ""preserved_in_scope"", ""source_basic"": ""included"", ""source_feature"": ""Separator Batch Split Auto/Sami/Manual 2nd etc.."", ""source_gold"": ""included"", ""source_retrieved_date"": ""2026-09-24"", ""source_row_number"": ""25"", ""source_sequence"": ""25"", ""source_silver"": ""included"", ""source_url"": ""https://margcompusoft.com/marg-features.html""}"
MARG-026,../marg/webapp-parity-map.csv,ERP-001,New Launched Items & Loading,Mark newly launched items; display and add them during order or billing workflows.,"Define newness window, supplier feeds and operator visibility; source behavior is underspecified.",preserved_in_scope,vendor_matrix; workflow is proposed interpretation,https://margcompusoft.com/marg-features.html,"{""concrete_user_workflow"": ""Mark newly launched items; display and add them during order or billing workflows."", ""dependencies_uncertainties"": ""Define newness window, supplier feeds and operator visibility; source behavior is underspecified."", ""evidence_level"": ""vendor_matrix; workflow is proposed interpretation"", ""feature_id"": ""MARG-026"", ""inventory_origin"": ""edition_matrix"", ""proposed_browser_module"": ""New product discovery"", ""scope_status"": ""preserved_in_scope"", ""source_basic"": ""excluded"", ""source_feature"": ""New Launched Items & Loading"", ""source_gold"": ""included"", ""source_retrieved_date"": ""2026-09-24"", ""source_row_number"": ""26"", ""source_sequence"": ""26"", ""source_silver"": ""included"", ""source_url"": ""https://margcompusoft.com/marg-features.html""}"
MARG-027,../marg/webapp-parity-map.csv,ERP-008,Shortage Management,Record unavailable demand; compare available/committed quantities and prepare replenishment.,Avoid counting duplicate demand; distinguish projected shortages from negative stock.,preserved_in_scope,vendor_matrix; workflow is proposed interpretation,https://margcompusoft.com/marg-features.html,"{""concrete_user_workflow"": ""Record unavailable demand; compare available/committed quantities and prepare replenishment."", ""dependencies_uncertainties"": ""Avoid counting duplicate demand; distinguish projected shortages from negative stock."", ""evidence_level"": ""vendor_matrix; workflow is proposed interpretation"", ""feature_id"": ""MARG-027"", ""inventory_origin"": ""edition_matrix"", ""proposed_browser_module"": ""Shortage planning"", ""scope_status"": ""preserved_in_scope"", ""source_basic"": ""included"", ""source_feature"": ""Shortage Management"", ""source_gold"": ""included"", ""source_retrieved_date"": ""2026-09-24"", ""source_row_number"": ""27"", ""source_sequence"": ""27"", ""source_silver"": ""included"", ""source_url"": ""https://margcompusoft.com/marg-features.html""}"
MARG-028,../marg/webapp-parity-map.csv,ERP-016;WORK-13,Temporary Credit Limit,Grant a time/amount-limited credit override and apply it to a permitted transaction.,"Approver, expiry, scope and reasons must be visible; rule interaction needs validation.",preserved_in_scope,vendor_matrix; workflow is proposed interpretation,https://margcompusoft.com/marg-features.html,"{""concrete_user_workflow"": ""Grant a time/amount-limited credit override and apply it to a permitted transaction."", ""dependencies_uncertainties"": ""Approver, expiry, scope and reasons must be visible; rule interaction needs validation."", ""evidence_level"": ""vendor_matrix; workflow is proposed interpretation"", ""feature_id"": ""MARG-028"", ""inventory_origin"": ""edition_matrix"", ""proposed_browser_module"": ""Temporary credit approval"", ""scope_status"": ""preserved_in_scope"", ""source_basic"": ""excluded"", ""source_feature"": ""Temporary Credit Limit"", ""source_gold"": ""included"", ""source_retrieved_date"": ""2026-09-24"", ""source_row_number"": ""28"", ""source_sequence"": ""28"", ""source_silver"": ""included"", ""source_url"": ""https://margcompusoft.com/marg-features.html""}"
MARG-029,../marg/webapp-parity-map.csv,ERP-016;WORK-13,Credit Limit Management,Set party credit limits; warn or hold orders/invoices when exposure exceeds policy.,"Define exposure including pending orders, overdue bills, cheques and unposted documents.",preserved_in_scope,vendor_matrix; workflow is proposed interpretation,https://margcompusoft.com/marg-features.html,"{""concrete_user_workflow"": ""Set party credit limits; warn or hold orders/invoices when exposure exceeds policy."", ""dependencies_uncertainties"": ""Define exposure including pending orders, overdue bills, cheques and unposted documents."", ""evidence_level"": ""vendor_matrix; workflow is proposed interpretation"", ""feature_id"": ""MARG-029"", ""inventory_origin"": ""edition_matrix"", ""proposed_browser_module"": ""Credit control"", ""scope_status"": ""preserved_in_scope"", ""source_basic"": ""excluded"", ""source_feature"": ""Credit Limit Management"", ""source_gold"": ""included"", ""source_retrieved_date"": ""2026-09-24"", ""source_row_number"": ""29"", ""source_sequence"": ""29"", ""source_silver"": ""included"", ""source_url"": ""https://margcompusoft.com/marg-features.html""}"
MARG-030,../marg/webapp-parity-map.csv,ERP-017;WORK-09,Accounting Management,"Maintain ledgers; post vouchers; inspect cash/bank books, trial balance, P&L and balance sheet.","Opening balances, financial periods, posting policy and corrections need reconciled examples.",preserved_in_scope,vendor_matrix; workflow is proposed interpretation,https://margcompusoft.com/marg-features.html,"{""concrete_user_workflow"": ""Maintain ledgers; post vouchers; inspect cash/bank books, trial balance, P&L and balance sheet."", ""dependencies_uncertainties"": ""Opening balances, financial periods, posting policy and corrections need reconciled examples."", ""evidence_level"": ""vendor_matrix; workflow is proposed interpretation"", ""feature_id"": ""MARG-030"", ""inventory_origin"": ""edition_matrix"", ""proposed_browser_module"": ""General accounting"", ""scope_status"": ""preserved_in_scope"", ""source_basic"": ""included"", ""source_feature"": ""Accounting Management"", ""source_gold"": ""included"", ""source_retrieved_date"": ""2026-09-24"", ""source_row_number"": ""30"", ""source_sequence"": ""30"", ""source_silver"": ""included"", ""source_url"": ""https://margcompusoft.com/marg-features.html""}"
MARG-031,../marg/webapp-parity-map.csv,ERP-019,Post Dated (P.D.C.) & Advance Cheques Issue and Receive Management,"Record received/issued postdated or advance cheques; track deposit, clearance, dishonour and allocations.","Bank reconciliation, cheque custody and posting dates; do not treat an uncleared cheque as cash.",preserved_in_scope,vendor_matrix; workflow is proposed interpretation,https://margcompusoft.com/marg-features.html,"{""concrete_user_workflow"": ""Record received/issued postdated or advance cheques; track deposit, clearance, dishonour and allocations."", ""dependencies_uncertainties"": ""Bank reconciliation, cheque custody and posting dates; do not treat an uncleared cheque as cash."", ""evidence_level"": ""vendor_matrix; workflow is proposed interpretation"", ""feature_id"": ""MARG-031"", ""inventory_origin"": ""edition_matrix"", ""proposed_browser_module"": ""Cheques and advances"", ""scope_status"": ""preserved_in_scope"", ""source_basic"": ""excluded"", ""source_feature"": ""Post Dated (P.D.C.) & Advance Cheques Issue and Receive Management"", ""source_gold"": ""included"", ""source_retrieved_date"": ""2026-09-24"", ""source_row_number"": ""31"", ""source_sequence"": ""31"", ""source_silver"": ""included"", ""source_url"": ""https://margcompusoft.com/marg-features.html""}"
MARG-032,../marg/webapp-parity-map.csv,ERP-035,Sales Man (M.R.) / Area / Rout wise Reporting,"Filter sales, returns and collections by salesperson, area and route.",Assignment history and incentive attribution need clear rules; not synonymous with GPS tracking.,preserved_in_scope,vendor_matrix; workflow is proposed interpretation,https://margcompusoft.com/marg-features.html,"{""concrete_user_workflow"": ""Filter sales, returns and collections by salesperson, area and route."", ""dependencies_uncertainties"": ""Assignment history and incentive attribution need clear rules; not synonymous with GPS tracking."", ""evidence_level"": ""vendor_matrix; workflow is proposed interpretation"", ""feature_id"": ""MARG-032"", ""inventory_origin"": ""edition_matrix"", ""proposed_browser_module"": ""Field-sales reporting"", ""scope_status"": ""preserved_in_scope"", ""source_basic"": ""excluded"", ""source_feature"": ""Sales Man (M.R.) / Area / Rout wise Reporting"", ""source_gold"": ""included"", ""source_retrieved_date"": ""2026-09-24"", ""source_row_number"": ""32"", ""source_sequence"": ""32"", ""source_silver"": ""included"", ""source_url"": ""https://margcompusoft.com/marg-features.html""}"
MARG-033,../marg/webapp-parity-map.csv,ERP-025,Barcode / Label Printing,Design labels; generate item/batch barcodes; preview and print selected quantities.,"Barcode standard, scan input, printer formats and browser device compatibility need verification.",preserved_in_scope,vendor_matrix; workflow is proposed interpretation,https://margcompusoft.com/marg-features.html,"{""concrete_user_workflow"": ""Design labels; generate item/batch barcodes; preview and print selected quantities."", ""dependencies_uncertainties"": ""Barcode standard, scan input, printer formats and browser device compatibility need verification."", ""evidence_level"": ""vendor_matrix; workflow is proposed interpretation"", ""feature_id"": ""MARG-033"", ""inventory_origin"": ""edition_matrix"", ""proposed_browser_module"": ""Labels and barcodes"", ""scope_status"": ""preserved_in_scope"", ""source_basic"": ""excluded"", ""source_feature"": ""Barcode / Label Printing"", ""source_gold"": ""included"", ""source_retrieved_date"": ""2026-09-24"", ""source_row_number"": ""33"", ""source_sequence"": ""33"", ""source_silver"": ""included"", ""source_url"": ""https://margcompusoft.com/marg-features.html""}"
MARG-034,../marg/webapp-parity-map.csv,ERP-019;WORK-09,Bank Reconciliation System,Import or select bank statement entries; match to book entries; resolve unmatched items.,"Statement formats, duplicates, partial matches and human review; live access is separate.",preserved_in_scope,vendor_matrix; workflow is proposed interpretation,https://margcompusoft.com/marg-features.html,"{""concrete_user_workflow"": ""Import or select bank statement entries; match to book entries; resolve unmatched items."", ""dependencies_uncertainties"": ""Statement formats, duplicates, partial matches and human review; live access is separate."", ""evidence_level"": ""vendor_matrix; workflow is proposed interpretation"", ""feature_id"": ""MARG-034"", ""inventory_origin"": ""edition_matrix"", ""proposed_browser_module"": ""Bank reconciliation"", ""scope_status"": ""preserved_in_scope"", ""source_basic"": ""included"", ""source_feature"": ""Bank Reconciliation System"", ""source_gold"": ""included"", ""source_retrieved_date"": ""2026-09-24"", ""source_row_number"": ""34"", ""source_sequence"": ""34"", ""source_silver"": ""included"", ""source_url"": ""https://margcompusoft.com/marg-features.html""}"
MARG-035,../marg/webapp-parity-map.csv,ERP-018,Outstanding Report,View bill-wise outstanding and ageing; inspect allocations and customer/supplier balances.,"Due-date policy, credits, advances, disputes and multicurrency handling require examples.",preserved_in_scope,vendor_matrix; workflow is proposed interpretation,https://margcompusoft.com/marg-features.html,"{""concrete_user_workflow"": ""View bill-wise outstanding and ageing; inspect allocations and customer/supplier balances."", ""dependencies_uncertainties"": ""Due-date policy, credits, advances, disputes and multicurrency handling require examples."", ""evidence_level"": ""vendor_matrix; workflow is proposed interpretation"", ""feature_id"": ""MARG-035"", ""inventory_origin"": ""edition_matrix"", ""proposed_browser_module"": ""Receivables and payables"", ""scope_status"": ""preserved_in_scope"", ""source_basic"": ""included"", ""source_feature"": ""Outstanding Report"", ""source_gold"": ""included"", ""source_retrieved_date"": ""2026-09-24"", ""source_row_number"": ""35"", ""source_sequence"": ""35"", ""source_silver"": ""included"", ""source_url"": ""https://margcompusoft.com/marg-features.html""}"
MARG-036,../marg/webapp-parity-map.csv,ERP-018,Interest & Collection Report,Calculate agreed interest scenarios; inspect collections and outstanding by period/party.,Contractual rate/basis/grace periods and posting authorization; calculations are not legal advice.,preserved_in_scope,vendor_matrix; workflow is proposed interpretation,https://margcompusoft.com/marg-features.html,"{""concrete_user_workflow"": ""Calculate agreed interest scenarios; inspect collections and outstanding by period/party."", ""dependencies_uncertainties"": ""Contractual rate/basis/grace periods and posting authorization; calculations are not legal advice."", ""evidence_level"": ""vendor_matrix; workflow is proposed interpretation"", ""feature_id"": ""MARG-036"", ""inventory_origin"": ""edition_matrix"", ""proposed_browser_module"": ""Interest and collections"", ""scope_status"": ""preserved_in_scope"", ""source_basic"": ""included"", ""source_feature"": ""Interest & Collection Report"", ""source_gold"": ""included"", ""source_retrieved_date"": ""2026-09-24"", ""source_row_number"": ""36"", ""source_sequence"": ""36"", ""source_silver"": ""included"", ""source_url"": ""https://margcompusoft.com/marg-features.html""}"
MARG-037,../marg/webapp-parity-map.csv,ERP-001,Category / Salt Master Inventory and Reporting system,"Maintain category/salt mappings; filter inventory, sales and reports using those dimensions.","Medicine reference rights, variant mapping and catalogue corrections require governance.",preserved_in_scope,vendor_matrix; workflow is proposed interpretation,https://margcompusoft.com/marg-features.html,"{""concrete_user_workflow"": ""Maintain category/salt mappings; filter inventory, sales and reports using those dimensions."", ""dependencies_uncertainties"": ""Medicine reference rights, variant mapping and catalogue corrections require governance."", ""evidence_level"": ""vendor_matrix; workflow is proposed interpretation"", ""feature_id"": ""MARG-037"", ""inventory_origin"": ""edition_matrix"", ""proposed_browser_module"": ""Category and salt catalogues"", ""scope_status"": ""preserved_in_scope"", ""source_basic"": ""included"", ""source_feature"": ""Category / Salt Master Inventory and Reporting system"", ""source_gold"": ""included"", ""source_retrieved_date"": ""2026-09-24"", ""source_row_number"": ""37"", ""source_sequence"": ""37"", ""source_silver"": ""included"", ""source_url"": ""https://margcompusoft.com/marg-features.html""}"
MARG-038,../marg/webapp-parity-map.csv,ERP-027,Auto generate different bill,Review proposed splits of an order or bill into separate documents and confirm outputs.,Source does not state split criteria; capture actual examples before reproducing behavior.,preserved_in_scope,vendor_matrix; workflow is proposed interpretation,https://margcompusoft.com/marg-features.html,"{""concrete_user_workflow"": ""Review proposed splits of an order or bill into separate documents and confirm outputs."", ""dependencies_uncertainties"": ""Source does not state split criteria; capture actual examples before reproducing behavior."", ""evidence_level"": ""vendor_matrix; workflow is proposed interpretation"", ""feature_id"": ""MARG-038"", ""inventory_origin"": ""edition_matrix"", ""proposed_browser_module"": ""Automatic invoice separation"", ""scope_status"": ""preserved_in_scope"", ""source_basic"": ""excluded"", ""source_feature"": ""Auto generate different bill"", ""source_gold"": ""included"", ""source_retrieved_date"": ""2026-09-24"", ""source_row_number"": ""38"", ""source_sequence"": ""38"", ""source_silver"": ""included"", ""source_url"": ""https://margcompusoft.com/marg-features.html""}"
MARG-039,../marg/webapp-parity-map.csv,ERP-023;WORK-01;WORK-13,Operator Power & Boundations,"Grant browser workspace, report and action permissions to individual operators.",Company/store scope and override approval; desktop computer-binding needs a browser-appropriate equivalent.,preserved_in_scope,vendor_matrix; workflow is proposed interpretation,https://margcompusoft.com/marg-features.html,"{""concrete_user_workflow"": ""Grant browser workspace, report and action permissions to individual operators."", ""dependencies_uncertainties"": ""Company/store scope and override approval; desktop computer-binding needs a browser-appropriate equivalent."", ""evidence_level"": ""vendor_matrix; workflow is proposed interpretation"", ""feature_id"": ""MARG-039"", ""inventory_origin"": ""edition_matrix"", ""proposed_browser_module"": ""Access administration"", ""scope_status"": ""preserved_in_scope"", ""source_basic"": ""included"", ""source_feature"": ""Operator Power & Boundations"", ""source_gold"": ""included"", ""source_retrieved_date"": ""2026-09-24"", ""source_row_number"": ""39"", ""source_sequence"": ""39"", ""source_silver"": ""included"", ""source_url"": ""https://margcompusoft.com/marg-features.html""}"
MARG-040,../marg/webapp-parity-map.csv,ERP-024;WORK-11;WORK-12,Operator Log Book Report & Operator Worksheet,"Inspect operator activity, workload and transaction history by period and action.","Define log coverage, privacy, access and retention; activity log is distinct from financial audit.",preserved_in_scope,vendor_matrix; workflow is proposed interpretation,https://margcompusoft.com/marg-features.html,"{""concrete_user_workflow"": ""Inspect operator activity, workload and transaction history by period and action."", ""dependencies_uncertainties"": ""Define log coverage, privacy, access and retention; activity log is distinct from financial audit."", ""evidence_level"": ""vendor_matrix; workflow is proposed interpretation"", ""feature_id"": ""MARG-040"", ""inventory_origin"": ""edition_matrix"", ""proposed_browser_module"": ""Operator work records"", ""scope_status"": ""preserved_in_scope"", ""source_basic"": ""excluded"", ""source_feature"": ""Operator Log Book Report & Operator Worksheet"", ""source_gold"": ""included"", ""source_retrieved_date"": ""2026-09-24"", ""source_row_number"": ""40"", ""source_sequence"": ""40"", ""source_silver"": ""included"", ""source_url"": ""https://margcompusoft.com/marg-features.html""}"
MARG-041,../marg/webapp-parity-map.csv,ERP-025;WORK-06,Self-configurable invoice formats,"Choose or edit invoice layouts; preview fields, pagination and print/export results.",Required statutory fields and printer widths; preserve readability and template versions.,preserved_in_scope,vendor_matrix; workflow is proposed interpretation,https://margcompusoft.com/marg-features.html,"{""concrete_user_workflow"": ""Choose or edit invoice layouts; preview fields, pagination and print/export results."", ""dependencies_uncertainties"": ""Required statutory fields and printer widths; preserve readability and template versions."", ""evidence_level"": ""vendor_matrix; workflow is proposed interpretation"", ""feature_id"": ""MARG-041"", ""inventory_origin"": ""edition_matrix"", ""proposed_browser_module"": ""Invoice layout designer"", ""scope_status"": ""preserved_in_scope"", ""source_basic"": ""included"", ""source_feature"": ""Self-configurable invoice formats"", ""source_gold"": ""included"", ""source_retrieved_date"": ""2026-09-24"", ""source_row_number"": ""41"", ""source_sequence"": ""41"", ""source_silver"": ""included"", ""source_url"": ""https://margcompusoft.com/marg-features.html""}"
MARG-042,../marg/webapp-parity-map.csv,ERP-024;WORK-04;WORK-10;WORK-13,Inventory & Accounting Approval System,"Staff prepare stock/account documents; assigned accountant/CA reviews, returns for correction or approves with reasons and history.",Company/GSTIN/branch scope; approval coverage and limits need examples; changes after review must be surfaced for renewed review where affected.,preserved_in_scope,vendor_matrix; workflow is proposed interpretation,https://margcompusoft.com/marg-features.html,"{""concrete_user_workflow"": ""Staff prepare stock/account documents; assigned accountant/CA reviews, returns for correction or approves with reasons and history."", ""dependencies_uncertainties"": ""Company/GSTIN/branch scope; approval coverage and limits need examples; changes after review must be surfaced for renewed review where affected."", ""evidence_level"": ""vendor_matrix; workflow is proposed interpretation"", ""feature_id"": ""MARG-042"", ""inventory_origin"": ""edition_matrix"", ""proposed_browser_module"": ""Approval inbox"", ""scope_status"": ""preserved_in_scope"", ""source_basic"": ""excluded"", ""source_feature"": ""Inventory & Accounting Approval System"", ""source_gold"": ""included"", ""source_retrieved_date"": ""2026-09-24"", ""source_row_number"": ""42"", ""source_sequence"": ""42"", ""source_silver"": ""included"", ""source_url"": ""https://margcompusoft.com/marg-features.html""}"
MARG-043,../marg/webapp-parity-map.csv,ERP-044,Show Pending Kot /Challans,"View pending KOTs and challans; open, fulfil, cancel or convert linked documents.",Keep kitchen tickets separate from stock delivery challans; partial completion and stale work rules.,preserved_in_scope,vendor_matrix; workflow is proposed interpretation,https://margcompusoft.com/marg-features.html,"{""concrete_user_workflow"": ""View pending KOTs and challans; open, fulfil, cancel or convert linked documents."", ""dependencies_uncertainties"": ""Keep kitchen tickets separate from stock delivery challans; partial completion and stale work rules."", ""evidence_level"": ""vendor_matrix; workflow is proposed interpretation"", ""feature_id"": ""MARG-043"", ""inventory_origin"": ""edition_matrix"", ""proposed_browser_module"": ""Pending kitchen/dispatch work"", ""scope_status"": ""preserved_in_scope"", ""source_basic"": ""included"", ""source_feature"": ""Show Pending Kot /Challans"", ""source_gold"": ""included"", ""source_retrieved_date"": ""2026-09-24"", ""source_row_number"": ""43"", ""source_sequence"": ""43"", ""source_silver"": ""included"", ""source_url"": ""https://margcompusoft.com/marg-features.html""}"
MARG-044,../marg/webapp-parity-map.csv,ERP-020,Cashier Management,Open a shift; record tender and cash movements; close and reconcile expected versus counted cash.,"Refund authority, cash drawer compatibility and discrepancy approval require examples.",preserved_in_scope,vendor_matrix; workflow is proposed interpretation,https://margcompusoft.com/marg-features.html,"{""concrete_user_workflow"": ""Open a shift; record tender and cash movements; close and reconcile expected versus counted cash."", ""dependencies_uncertainties"": ""Refund authority, cash drawer compatibility and discrepancy approval require examples."", ""evidence_level"": ""vendor_matrix; workflow is proposed interpretation"", ""feature_id"": ""MARG-044"", ""inventory_origin"": ""edition_matrix"", ""proposed_browser_module"": ""Cashier workspace"", ""scope_status"": ""preserved_in_scope"", ""source_basic"": ""excluded"", ""source_feature"": ""Cashier Management"", ""source_gold"": ""included"", ""source_retrieved_date"": ""2026-09-24"", ""source_row_number"": ""44"", ""source_sequence"": ""44"", ""source_silver"": ""included"", ""source_url"": ""https://margcompusoft.com/marg-features.html""}"
MARG-045,../marg/webapp-parity-map.csv,TAX-13,GST e-Return,Prepare return-period data; review errors; export or submit through authorized filing flow.,"Return types, current rules, signatory consent and remote acknowledgements; local examples cannot constitute filing.",preserved_in_scope,vendor_matrix; workflow is proposed interpretation,https://margcompusoft.com/marg-features.html,"{""concrete_user_workflow"": ""Prepare return-period data; review errors; export or submit through authorized filing flow."", ""dependencies_uncertainties"": ""Return types, current rules, signatory consent and remote acknowledgements; local examples cannot constitute filing."", ""evidence_level"": ""vendor_matrix; workflow is proposed interpretation"", ""feature_id"": ""MARG-045"", ""inventory_origin"": ""edition_matrix"", ""proposed_browser_module"": ""GST returns"", ""scope_status"": ""preserved_in_scope"", ""source_basic"": ""included"", ""source_feature"": ""GST e-Return"", ""source_gold"": ""included"", ""source_retrieved_date"": ""2026-09-24"", ""source_row_number"": ""45"", ""source_sequence"": ""45"", ""source_silver"": ""included"", ""source_url"": ""https://margcompusoft.com/marg-features.html""}"
MARG-046,../marg/webapp-parity-map.csv,ERP-021;WORK-11,Reports Manager (MIS Report),Search/filter reports; drill to transactions; save layouts; export and print.,Document each report's definitions and permissions; the 1000+ claim is not a verified specification.,preserved_in_scope,vendor_matrix; workflow is proposed interpretation,https://margcompusoft.com/marg-features.html,"{""concrete_user_workflow"": ""Search/filter reports; drill to transactions; save layouts; export and print."", ""dependencies_uncertainties"": ""Document each report's definitions and permissions; the 1000+ claim is not a verified specification."", ""evidence_level"": ""vendor_matrix; workflow is proposed interpretation"", ""feature_id"": ""MARG-046"", ""inventory_origin"": ""edition_matrix"", ""proposed_browser_module"": ""Reports workspace"", ""scope_status"": ""preserved_in_scope"", ""source_basic"": ""included"", ""source_feature"": ""Reports Manager (MIS Report)"", ""source_gold"": ""included"", ""source_retrieved_date"": ""2026-09-24"", ""source_row_number"": ""46"", ""source_sequence"": ""46"", ""source_silver"": ""included"", ""source_url"": ""https://margcompusoft.com/marg-features.html""}"
MARG-047,../marg/webapp-parity-map.csv,ERP-022;WORK-09,Budget & Cost Centers Management System,Assign costs/revenue to centres; maintain period budgets and compare actuals.,"Allocation rules, dimensions and consolidated totals require reconciliation.",preserved_in_scope,vendor_matrix; workflow is proposed interpretation,https://margcompusoft.com/marg-features.html,"{""concrete_user_workflow"": ""Assign costs/revenue to centres; maintain period budgets and compare actuals."", ""dependencies_uncertainties"": ""Allocation rules, dimensions and consolidated totals require reconciliation."", ""evidence_level"": ""vendor_matrix; workflow is proposed interpretation"", ""feature_id"": ""MARG-047"", ""inventory_origin"": ""edition_matrix"", ""proposed_browser_module"": ""Budgets and cost centres"", ""scope_status"": ""preserved_in_scope"", ""source_basic"": ""excluded"", ""source_feature"": ""Budget & Cost Centers Management System"", ""source_gold"": ""included"", ""source_retrieved_date"": ""2026-09-24"", ""source_row_number"": ""47"", ""source_sequence"": ""47"", ""source_silver"": ""included"", ""source_url"": ""https://margcompusoft.com/marg-features.html""}"
MARG-048,../marg/webapp-parity-map.csv,ERP-022,Target,Assign sales/collection targets by period/person/group; inspect achievement and variance.,Target dimensions and returns/cancellation treatment need actual examples.,preserved_in_scope,vendor_matrix; workflow is proposed interpretation,https://margcompusoft.com/marg-features.html,"{""concrete_user_workflow"": ""Assign sales/collection targets by period/person/group; inspect achievement and variance."", ""dependencies_uncertainties"": ""Target dimensions and returns/cancellation treatment need actual examples."", ""evidence_level"": ""vendor_matrix; workflow is proposed interpretation"", ""feature_id"": ""MARG-048"", ""inventory_origin"": ""edition_matrix"", ""proposed_browser_module"": ""Targets"", ""scope_status"": ""preserved_in_scope"", ""source_basic"": ""included"", ""source_feature"": ""Target"", ""source_gold"": ""included"", ""source_retrieved_date"": ""2026-09-24"", ""source_row_number"": ""48"", ""source_sequence"": ""48"", ""source_silver"": ""included"", ""source_url"": ""https://margcompusoft.com/marg-features.html""}"
MARG-049,../marg/webapp-parity-map.csv,ERP-025;WORK-06,"Bank Letter,Packing Slip,Conver Note,Gatepass,Label,Barcode printing (Only Invoice Printing)","Generate bank letters, packing slips, cover notes, gatepasses and invoice-associated labels.",Verify meaning of source Conver Note and distinction from label printing; template/legal fields vary.,preserved_in_scope,vendor_matrix; workflow is proposed interpretation,https://margcompusoft.com/marg-features.html,"{""concrete_user_workflow"": ""Generate bank letters, packing slips, cover notes, gatepasses and invoice-associated labels."", ""dependencies_uncertainties"": ""Verify meaning of source Conver Note and distinction from label printing; template/legal fields vary."", ""evidence_level"": ""vendor_matrix; workflow is proposed interpretation"", ""feature_id"": ""MARG-049"", ""inventory_origin"": ""edition_matrix"", ""proposed_browser_module"": ""Supporting documents"", ""scope_status"": ""preserved_in_scope"", ""source_basic"": ""excluded"", ""source_feature"": ""Bank Letter,Packing Slip,Conver Note,Gatepass,Label,Barcode printing (Only Invoice Printing)"", ""source_gold"": ""included"", ""source_retrieved_date"": ""2026-09-24"", ""source_row_number"": ""49"", ""source_sequence"": ""49"", ""source_silver"": ""included"", ""source_url"": ""https://margcompusoft.com/marg-features.html""}"
MARG-050,../marg/webapp-parity-map.csv,ERP-026,Side Display At the time Of Billing,"View relevant stock, customer balances and item information alongside the current bill.",Source side-display meaning needs demonstration; customer-facing second-screen behavior is separate.,preserved_in_scope,vendor_matrix; workflow is proposed interpretation,https://margcompusoft.com/marg-features.html,"{""concrete_user_workflow"": ""View relevant stock, customer balances and item information alongside the current bill."", ""dependencies_uncertainties"": ""Source side-display meaning needs demonstration; customer-facing second-screen behavior is separate."", ""evidence_level"": ""vendor_matrix; workflow is proposed interpretation"", ""feature_id"": ""MARG-050"", ""inventory_origin"": ""edition_matrix"", ""proposed_browser_module"": ""Billing context panel"", ""scope_status"": ""preserved_in_scope"", ""source_basic"": ""included"", ""source_feature"": ""Side Display At the time Of Billing"", ""source_gold"": ""included"", ""source_retrieved_date"": ""2026-09-24"", ""source_row_number"": ""50"", ""source_sequence"": ""50"", ""source_silver"": ""included"", ""source_url"": ""https://margcompusoft.com/marg-features.html""}"
MARG-051,../marg/webapp-parity-map.csv,ERP-021,Show Dashboard,Open a role-appropriate overview and drill into operational counts and totals.,Matrix distinguishes this from data-analysis dashboard; exact content needs validation.,preserved_in_scope,vendor_matrix; workflow is proposed interpretation,https://margcompusoft.com/marg-features.html,"{""concrete_user_workflow"": ""Open a role-appropriate overview and drill into operational counts and totals."", ""dependencies_uncertainties"": ""Matrix distinguishes this from data-analysis dashboard; exact content needs validation."", ""evidence_level"": ""vendor_matrix; workflow is proposed interpretation"", ""feature_id"": ""MARG-051"", ""inventory_origin"": ""edition_matrix"", ""proposed_browser_module"": ""Operational dashboard"", ""scope_status"": ""preserved_in_scope"", ""source_basic"": ""excluded"", ""source_feature"": ""Show Dashboard"", ""source_gold"": ""included"", ""source_retrieved_date"": ""2026-09-24"", ""source_row_number"": ""51"", ""source_sequence"": ""51"", ""source_silver"": ""included"", ""source_url"": ""https://margcompusoft.com/marg-features.html""}"
MARG-052,../marg/webapp-parity-map.csv,ERP-026,Shortcut Keys (Short Buttons) & Recently view reports,Use configurable browser shortcuts and action buttons; reopen recently visited reports.,"Avoid browser/OS key conflicts; retain focus order, help and a pointer-accessible equivalent.",preserved_in_scope,vendor_matrix; workflow is proposed interpretation,https://margcompusoft.com/marg-features.html,"{""concrete_user_workflow"": ""Use configurable browser shortcuts and action buttons; reopen recently visited reports."", ""dependencies_uncertainties"": ""Avoid browser/OS key conflicts; retain focus order, help and a pointer-accessible equivalent."", ""evidence_level"": ""vendor_matrix; workflow is proposed interpretation"", ""feature_id"": ""MARG-052"", ""inventory_origin"": ""edition_matrix"", ""proposed_browser_module"": ""Keyboard navigation"", ""scope_status"": ""preserved_in_scope"", ""source_basic"": ""excluded"", ""source_feature"": ""Shortcut Keys (Short Buttons) & Recently view reports"", ""source_gold"": ""included"", ""source_retrieved_date"": ""2026-09-24"", ""source_row_number"": ""52"", ""source_sequence"": ""52"", ""source_silver"": ""included"", ""source_url"": ""https://margcompusoft.com/marg-features.html""}"
MARG-053,../marg/webapp-parity-map.csv,ERP-014,Sales Bundle Pack Formula (Set Of Bundle) Management & Bundle Formula Loadings In Billing and also Suggested Item Billing.,Define bundles/formulas; load component items and quantities; review suggested additions.,"Stock consumption, substitution, discounts and tax treatment must remain explicit.",preserved_in_scope,vendor_matrix; workflow is proposed interpretation,https://margcompusoft.com/marg-features.html,"{""concrete_user_workflow"": ""Define bundles/formulas; load component items and quantities; review suggested additions."", ""dependencies_uncertainties"": ""Stock consumption, substitution, discounts and tax treatment must remain explicit."", ""evidence_level"": ""vendor_matrix; workflow is proposed interpretation"", ""feature_id"": ""MARG-053"", ""inventory_origin"": ""edition_matrix"", ""proposed_browser_module"": ""Bundles and suggestions"", ""scope_status"": ""preserved_in_scope"", ""source_basic"": ""excluded"", ""source_feature"": ""Sales Bundle Pack Formula (Set Of Bundle) Management & Bundle Formula Loadings In Billing and also Suggested Item Billing."", ""source_gold"": ""included"", ""source_retrieved_date"": ""2026-09-24"", ""source_row_number"": ""53"", ""source_sequence"": ""53"", ""source_silver"": ""included"", ""source_url"": ""https://margcompusoft.com/marg-features.html""}"
MARG-054,../marg/webapp-parity-map.csv,ERP-026,Allowed F3 & F4 Key in Bill,Expose permission-controlled equivalents of documented F3/F4 actions within bills.,Exact source action mapping varies and is not proven by matrix; obtain screenshots before assigning semantics.,preserved_in_scope,vendor_matrix; workflow is proposed interpretation,https://margcompusoft.com/marg-features.html,"{""concrete_user_workflow"": ""Expose permission-controlled equivalents of documented F3/F4 actions within bills."", ""dependencies_uncertainties"": ""Exact source action mapping varies and is not proven by matrix; obtain screenshots before assigning semantics."", ""evidence_level"": ""vendor_matrix; workflow is proposed interpretation"", ""feature_id"": ""MARG-054"", ""inventory_origin"": ""edition_matrix"", ""proposed_browser_module"": ""Bill-edit shortcuts"", ""scope_status"": ""preserved_in_scope"", ""source_basic"": ""excluded"", ""source_feature"": ""Allowed F3 & F4 Key in Bill"", ""source_gold"": ""included"", ""source_retrieved_date"": ""2026-09-24"", ""source_row_number"": ""54"", ""source_sequence"": ""54"", ""source_silver"": ""included"", ""source_url"": ""https://margcompusoft.com/marg-features.html""}"
MARG-055,../marg/webapp-parity-map.csv,ERP-011,Take Sale Return in sale bill thru * Key,Add an original-sale-linked return from the bill screen and review the net transaction.,"Preserve separate return provenance, stock condition and tax consequences; map star shortcut safely.",preserved_in_scope,vendor_matrix; workflow is proposed interpretation,https://margcompusoft.com/marg-features.html,"{""concrete_user_workflow"": ""Add an original-sale-linked return from the bill screen and review the net transaction."", ""dependencies_uncertainties"": ""Preserve separate return provenance, stock condition and tax consequences; map star shortcut safely."", ""evidence_level"": ""vendor_matrix; workflow is proposed interpretation"", ""feature_id"": ""MARG-055"", ""inventory_origin"": ""edition_matrix"", ""proposed_browser_module"": ""Inline sales returns"", ""scope_status"": ""preserved_in_scope"", ""source_basic"": ""included"", ""source_feature"": ""Take Sale Return in sale bill thru * Key"", ""source_gold"": ""included"", ""source_retrieved_date"": ""2026-09-24"", ""source_row_number"": ""55"", ""source_sequence"": ""55"", ""source_silver"": ""included"", ""source_url"": ""https://margcompusoft.com/marg-features.html""}"
MARG-056,../marg/webapp-parity-map.csv,ERP-014,Show Last & Old Deals at the time of billing,"View prior rates, schemes and transactions for selected customer/item while billing.","Date filters, authorizations and historical versus current terms must be clear.",preserved_in_scope,vendor_matrix; workflow is proposed interpretation,https://margcompusoft.com/marg-features.html,"{""concrete_user_workflow"": ""View prior rates, schemes and transactions for selected customer/item while billing."", ""dependencies_uncertainties"": ""Date filters, authorizations and historical versus current terms must be clear."", ""evidence_level"": ""vendor_matrix; workflow is proposed interpretation"", ""feature_id"": ""MARG-056"", ""inventory_origin"": ""edition_matrix"", ""proposed_browser_module"": ""Sales deal history"", ""scope_status"": ""preserved_in_scope"", ""source_basic"": ""excluded"", ""source_feature"": ""Show Last & Old Deals at the time of billing"", ""source_gold"": ""included"", ""source_retrieved_date"": ""2026-09-24"", ""source_row_number"": ""56"", ""source_sequence"": ""56"", ""source_silver"": ""included"", ""source_url"": ""https://margcompusoft.com/marg-features.html""}"
MARG-057,../marg/webapp-parity-map.csv,ERP-014,Show Last & Old Deals in Purchase,"Inspect previous supplier rates, quantities, discounts and costs while purchasing.",Keep original tax/rate snapshots; show comparable unit/cost basis.,preserved_in_scope,vendor_matrix; workflow is proposed interpretation,https://margcompusoft.com/marg-features.html,"{""concrete_user_workflow"": ""Inspect previous supplier rates, quantities, discounts and costs while purchasing."", ""dependencies_uncertainties"": ""Keep original tax/rate snapshots; show comparable unit/cost basis."", ""evidence_level"": ""vendor_matrix; workflow is proposed interpretation"", ""feature_id"": ""MARG-057"", ""inventory_origin"": ""edition_matrix"", ""proposed_browser_module"": ""Purchase deal history"", ""scope_status"": ""preserved_in_scope"", ""source_basic"": ""included"", ""source_feature"": ""Show Last & Old Deals in Purchase"", ""source_gold"": ""included"", ""source_retrieved_date"": ""2026-09-24"", ""source_row_number"": ""57"", ""source_sequence"": ""57"", ""source_silver"": ""included"", ""source_url"": ""https://margcompusoft.com/marg-features.html""}"
MARG-058,../marg/webapp-parity-map.csv,ERP-014,Group Wise Scheme Management,Define date/quantity-based offers for item or party groups; preview qualification and benefit.,"Scheme stacking, free-item allocation and returns require examples.",preserved_in_scope,vendor_matrix; workflow is proposed interpretation,https://margcompusoft.com/marg-features.html,"{""concrete_user_workflow"": ""Define date/quantity-based offers for item or party groups; preview qualification and benefit."", ""dependencies_uncertainties"": ""Scheme stacking, free-item allocation and returns require examples."", ""evidence_level"": ""vendor_matrix; workflow is proposed interpretation"", ""feature_id"": ""MARG-058"", ""inventory_origin"": ""edition_matrix"", ""proposed_browser_module"": ""Group schemes"", ""scope_status"": ""preserved_in_scope"", ""source_basic"": ""excluded"", ""source_feature"": ""Group Wise Scheme Management"", ""source_gold"": ""included"", ""source_retrieved_date"": ""2026-09-24"", ""source_row_number"": ""58"", ""source_sequence"": ""58"", ""source_silver"": ""included"", ""source_url"": ""https://margcompusoft.com/marg-features.html""}"
MARG-059,../marg/webapp-parity-map.csv,ERP-013,Special Rates / Discounts Management,"Set specific rates/discounts for customers, items or periods; apply precedence in billing.","Conflict resolution with other schemes, min/max controls and approval rules.",preserved_in_scope,vendor_matrix; workflow is proposed interpretation,https://margcompusoft.com/marg-features.html,"{""concrete_user_workflow"": ""Set specific rates/discounts for customers, items or periods; apply precedence in billing."", ""dependencies_uncertainties"": ""Conflict resolution with other schemes, min/max controls and approval rules."", ""evidence_level"": ""vendor_matrix; workflow is proposed interpretation"", ""feature_id"": ""MARG-059"", ""inventory_origin"": ""edition_matrix"", ""proposed_browser_module"": ""Special prices"", ""scope_status"": ""preserved_in_scope"", ""source_basic"": ""excluded"", ""source_feature"": ""Special Rates / Discounts Management"", ""source_gold"": ""included"", ""source_retrieved_date"": ""2026-09-24"", ""source_row_number"": ""59"", ""source_sequence"": ""59"", ""source_silver"": ""included"", ""source_url"": ""https://margcompusoft.com/marg-features.html""}"
MARG-060,../marg/webapp-parity-map.csv,ERP-027,Bill Convert on Amount/Days bases,Select documents meeting amount/day criteria; preview and confirm permitted conversion.,Source does not define from/to document types; preserve as unresolved until demonstrated.,preserved_in_scope,vendor_matrix; workflow is proposed interpretation,https://margcompusoft.com/marg-features.html,"{""concrete_user_workflow"": ""Select documents meeting amount/day criteria; preview and confirm permitted conversion."", ""dependencies_uncertainties"": ""Source does not define from/to document types; preserve as unresolved until demonstrated."", ""evidence_level"": ""vendor_matrix; workflow is proposed interpretation"", ""feature_id"": ""MARG-060"", ""inventory_origin"": ""edition_matrix"", ""proposed_browser_module"": ""Document conversion rules"", ""scope_status"": ""preserved_in_scope"", ""source_basic"": ""excluded"", ""source_feature"": ""Bill Convert on Amount/Days bases"", ""source_gold"": ""included"", ""source_retrieved_date"": ""2026-09-24"", ""source_row_number"": ""60"", ""source_sequence"": ""60"", ""source_silver"": ""included"", ""source_url"": ""https://margcompusoft.com/marg-features.html""}"
MARG-061,../marg/webapp-parity-map.csv,ERP-021,Show Graphs,Plot report data over time or across dimensions and drill into underlying records.,Consistent totals/filters and accessible tabular equivalent.,preserved_in_scope,vendor_matrix; workflow is proposed interpretation,https://margcompusoft.com/marg-features.html,"{""concrete_user_workflow"": ""Plot report data over time or across dimensions and drill into underlying records."", ""dependencies_uncertainties"": ""Consistent totals/filters and accessible tabular equivalent."", ""evidence_level"": ""vendor_matrix; workflow is proposed interpretation"", ""feature_id"": ""MARG-061"", ""inventory_origin"": ""edition_matrix"", ""proposed_browser_module"": ""Charts"", ""scope_status"": ""preserved_in_scope"", ""source_basic"": ""excluded"", ""source_feature"": ""Show Graphs"", ""source_gold"": ""included"", ""source_retrieved_date"": ""2026-09-24"", ""source_row_number"": ""61"", ""source_sequence"": ""61"", ""source_silver"": ""included"", ""source_url"": ""https://margcompusoft.com/marg-features.html""}"
MARG-062,../marg/webapp-parity-map.csv,ERP-026,Vertual Keyboard System,Enter quantities/text through an on-screen keypad or device keyboard in browser forms.,"Locale, decimal formats, focus and touch accessibility; avoid intercepting normal input.",preserved_in_scope,vendor_matrix; workflow is proposed interpretation,https://margcompusoft.com/marg-features.html,"{""concrete_user_workflow"": ""Enter quantities/text through an on-screen keypad or device keyboard in browser forms."", ""dependencies_uncertainties"": ""Locale, decimal formats, focus and touch accessibility; avoid intercepting normal input."", ""evidence_level"": ""vendor_matrix; workflow is proposed interpretation"", ""feature_id"": ""MARG-062"", ""inventory_origin"": ""edition_matrix"", ""proposed_browser_module"": ""Touch keyboard"", ""scope_status"": ""preserved_in_scope"", ""source_basic"": ""excluded"", ""source_feature"": ""Vertual Keyboard System"", ""source_gold"": ""included"", ""source_retrieved_date"": ""2026-09-24"", ""source_row_number"": ""62"", ""source_sequence"": ""62"", ""source_silver"": ""included"", ""source_url"": ""https://margcompusoft.com/marg-features.html""}"
MARG-063,../marg/webapp-parity-map.csv,ERP-026,Vertual / Popup Item Billing,Choose items using touch tiles or a searchable popup without losing the active bill.,"Stock/variant visibility, keyboard selection and return to prior focus.",preserved_in_scope,vendor_matrix; workflow is proposed interpretation,https://margcompusoft.com/marg-features.html,"{""concrete_user_workflow"": ""Choose items using touch tiles or a searchable popup without losing the active bill."", ""dependencies_uncertainties"": ""Stock/variant visibility, keyboard selection and return to prior focus."", ""evidence_level"": ""vendor_matrix; workflow is proposed interpretation"", ""feature_id"": ""MARG-063"", ""inventory_origin"": ""edition_matrix"", ""proposed_browser_module"": ""Quick item picker"", ""scope_status"": ""preserved_in_scope"", ""source_basic"": ""excluded"", ""source_feature"": ""Vertual / Popup Item Billing"", ""source_gold"": ""included"", ""source_retrieved_date"": ""2026-09-24"", ""source_row_number"": ""63"", ""source_sequence"": ""63"", ""source_silver"": ""included"", ""source_url"": ""https://margcompusoft.com/marg-features.html""}"
MARG-064,../marg/webapp-parity-map.csv,ERP-039,Chit fund Kitty (Kitty/Committee) & Mortgage (Girvi) Management,"Maintain kitty/committee instalments; record pledged articles, valuations, dues and redemption.",Treat chit-fund and mortgage workflows as separate records; licensing/legal/interest rules need specialist definition.,preserved_in_scope,vendor_matrix; workflow is proposed interpretation,https://margcompusoft.com/marg-features.html,"{""concrete_user_workflow"": ""Maintain kitty/committee instalments; record pledged articles, valuations, dues and redemption."", ""dependencies_uncertainties"": ""Treat chit-fund and mortgage workflows as separate records; licensing/legal/interest rules need specialist definition."", ""evidence_level"": ""vendor_matrix; workflow is proposed interpretation"", ""feature_id"": ""MARG-064"", ""inventory_origin"": ""edition_matrix"", ""proposed_browser_module"": ""Kitty and secured pledges"", ""scope_status"": ""preserved_in_scope"", ""source_basic"": ""excluded"", ""source_feature"": ""Chit fund Kitty (Kitty/Committee) & Mortgage (Girvi) Management"", ""source_gold"": ""included"", ""source_retrieved_date"": ""2026-09-24"", ""source_row_number"": ""65"", ""source_sequence"": ""64"", ""source_silver"": ""included"", ""source_url"": ""https://margcompusoft.com/marg-features.html""}"
MARG-065,../marg/webapp-parity-map.csv,ERP-040,Caret Issue & Receive Management,"Record crate/caret issue, receipt, balances and any deposits against parties.",Confirm source Caret means returnable containers; damaged/lost containers and deposit tax rules need examples.,preserved_in_scope,vendor_matrix; workflow is proposed interpretation,https://margcompusoft.com/marg-features.html,"{""concrete_user_workflow"": ""Record crate/caret issue, receipt, balances and any deposits against parties."", ""dependencies_uncertainties"": ""Confirm source Caret means returnable containers; damaged/lost containers and deposit tax rules need examples."", ""evidence_level"": ""vendor_matrix; workflow is proposed interpretation"", ""feature_id"": ""MARG-065"", ""inventory_origin"": ""edition_matrix"", ""proposed_browser_module"": ""Returnable containers"", ""scope_status"": ""preserved_in_scope"", ""source_basic"": ""excluded"", ""source_feature"": ""Caret Issue & Receive Management"", ""source_gold"": ""included"", ""source_retrieved_date"": ""2026-09-24"", ""source_row_number"": ""66"", ""source_sequence"": ""65"", ""source_silver"": ""included"", ""source_url"": ""https://margcompusoft.com/marg-features.html""}"
MARG-066,../marg/webapp-parity-map.csv,ERP-041,Out Patient Department (OPD/Reki) Management,Register patient-linked visits; record consultation/service charges and link pharmacy dispensing where relevant.,"Source OPD/Reki semantics require demonstration; privacy, clinical scope and permissions remain unresolved.",preserved_in_scope,vendor_matrix; workflow is proposed interpretation,https://margcompusoft.com/marg-features.html,"{""concrete_user_workflow"": ""Register patient-linked visits; record consultation/service charges and link pharmacy dispensing where relevant."", ""dependencies_uncertainties"": ""Source OPD/Reki semantics require demonstration; privacy, clinical scope and permissions remain unresolved."", ""evidence_level"": ""vendor_matrix; workflow is proposed interpretation"", ""feature_id"": ""MARG-066"", ""inventory_origin"": ""edition_matrix"", ""proposed_browser_module"": ""OPD service desk"", ""scope_status"": ""preserved_in_scope"", ""source_basic"": ""excluded"", ""source_feature"": ""Out Patient Department (OPD/Reki) Management"", ""source_gold"": ""included"", ""source_retrieved_date"": ""2026-09-24"", ""source_row_number"": ""66"", ""source_sequence"": ""66"", ""source_silver"": ""included"", ""source_url"": ""https://margcompusoft.com/marg-features.html""}"
MARG-067,../marg/webapp-parity-map.csv,ERP-021;WORK-11,Cursor To Report,"Open the relevant ledger, stock or transaction report from the field currently being used.",Define field-to-report mapping and return to preserved editing state.,preserved_in_scope,vendor_matrix; workflow is proposed interpretation,https://margcompusoft.com/marg-features.html,"{""concrete_user_workflow"": ""Open the relevant ledger, stock or transaction report from the field currently being used."", ""dependencies_uncertainties"": ""Define field-to-report mapping and return to preserved editing state."", ""evidence_level"": ""vendor_matrix; workflow is proposed interpretation"", ""feature_id"": ""MARG-067"", ""inventory_origin"": ""edition_matrix"", ""proposed_browser_module"": ""Context-to-report navigation"", ""scope_status"": ""preserved_in_scope"", ""source_basic"": ""excluded"", ""source_feature"": ""Cursor To Report"", ""source_gold"": ""included"", ""source_retrieved_date"": ""2026-09-24"", ""source_row_number"": ""67"", ""source_sequence"": ""67"", ""source_silver"": ""included"", ""source_url"": ""https://margcompusoft.com/marg-features.html""}"
MARG-068,../marg/webapp-parity-map.csv,ERP-028;WORK-03;WORK-08;WORK-09;WORK-10;WORK-11,SMS & E-Mail System,"Compose invoice/reminder messages; preview recipients, attachments and delivery results.","Provider authorization, costs, consent and failed-delivery handling; local draft is not a sent message.",preserved_in_scope,vendor_matrix; workflow is proposed interpretation,https://margcompusoft.com/marg-features.html,"{""concrete_user_workflow"": ""Compose invoice/reminder messages; preview recipients, attachments and delivery results."", ""dependencies_uncertainties"": ""Provider authorization, costs, consent and failed-delivery handling; local draft is not a sent message."", ""evidence_level"": ""vendor_matrix; workflow is proposed interpretation"", ""feature_id"": ""MARG-068"", ""inventory_origin"": ""edition_matrix"", ""proposed_browser_module"": ""SMS and email"", ""scope_status"": ""preserved_in_scope"", ""source_basic"": ""included"", ""source_feature"": ""SMS & E-Mail System"", ""source_gold"": ""included"", ""source_retrieved_date"": ""2026-09-24"", ""source_row_number"": ""68"", ""source_sequence"": ""68"", ""source_silver"": ""included"", ""source_url"": ""https://margcompusoft.com/marg-features.html""}"
MARG-069,../marg/webapp-parity-map.csv,ERP-031;WORK-05,Cloud Backup,Create a dated backup; inspect available snapshots; select and verify a restore.,Local backup workflow now; cloud destinations require later provider configuration and access controls.,preserved_in_scope,vendor_matrix; workflow is proposed interpretation,https://margcompusoft.com/marg-features.html,"{""concrete_user_workflow"": ""Create a dated backup; inspect available snapshots; select and verify a restore."", ""dependencies_uncertainties"": ""Local backup workflow now; cloud destinations require later provider configuration and access controls."", ""evidence_level"": ""vendor_matrix; workflow is proposed interpretation"", ""feature_id"": ""MARG-069"", ""inventory_origin"": ""edition_matrix"", ""proposed_browser_module"": ""Backup and restore"", ""scope_status"": ""preserved_in_scope"", ""source_basic"": ""included"", ""source_feature"": ""Cloud Backup"", ""source_gold"": ""included"", ""source_retrieved_date"": ""2026-09-24"", ""source_row_number"": ""69"", ""source_sequence"": ""69"", ""source_silver"": ""included"", ""source_url"": ""https://margcompusoft.com/marg-features.html""}"
MARG-070,../marg/webapp-parity-map.csv,ERP-028;WORK-11,WhatsApp,Prepare invoice/reminder messages with attachments; review and send using authorized service.,Provider/template/consent requirements and delivery status; no assumption of free unrestricted sending.,preserved_in_scope,vendor_matrix; workflow is proposed interpretation,https://margcompusoft.com/marg-features.html,"{""concrete_user_workflow"": ""Prepare invoice/reminder messages with attachments; review and send using authorized service."", ""dependencies_uncertainties"": ""Provider/template/consent requirements and delivery status; no assumption of free unrestricted sending."", ""evidence_level"": ""vendor_matrix; workflow is proposed interpretation"", ""feature_id"": ""MARG-070"", ""inventory_origin"": ""edition_matrix"", ""proposed_browser_module"": ""WhatsApp workspace"", ""scope_status"": ""preserved_in_scope"", ""source_basic"": ""included"", ""source_feature"": ""WhatsApp"", ""source_gold"": ""included"", ""source_retrieved_date"": ""2026-09-24"", ""source_row_number"": ""70"", ""source_sequence"": ""70"", ""source_silver"": ""included"", ""source_url"": ""https://margcompusoft.com/marg-features.html""}"
MARG-071,../marg/webapp-parity-map.csv,ERP-033,Business on Google Map,"Filter customer/sales locations by route, date and salesperson; open related business records.","Map licensing, geocoding accuracy, location consent and external availability.",preserved_in_scope,vendor_matrix; workflow is proposed interpretation,https://margcompusoft.com/marg-features.html,"{""concrete_user_workflow"": ""Filter customer/sales locations by route, date and salesperson; open related business records."", ""dependencies_uncertainties"": ""Map licensing, geocoding accuracy, location consent and external availability."", ""evidence_level"": ""vendor_matrix; workflow is proposed interpretation"", ""feature_id"": ""MARG-071"", ""inventory_origin"": ""edition_matrix"", ""proposed_browser_module"": ""Sales map"", ""scope_status"": ""preserved_in_scope"", ""source_basic"": ""included"", ""source_feature"": ""Business on Google Map"", ""source_gold"": ""included"", ""source_retrieved_date"": ""2026-09-24"", ""source_row_number"": ""71"", ""source_sequence"": ""71"", ""source_silver"": ""included"", ""source_url"": ""https://margcompusoft.com/marg-features.html""}"
MARG-072,../marg/webapp-parity-map.csv,ERP-020,Margpay Intrigration,Create payment requests; track provider result; reconcile receipt to bills.,"MargPay is proprietary; equivalent requires a permitted provider and commercial onboarding, not name reuse.",preserved_in_scope,vendor_matrix; workflow is proposed interpretation,https://margcompusoft.com/marg-features.html,"{""concrete_user_workflow"": ""Create payment requests; track provider result; reconcile receipt to bills."", ""dependencies_uncertainties"": ""MargPay is proprietary; equivalent requires a permitted provider and commercial onboarding, not name reuse."", ""evidence_level"": ""vendor_matrix; workflow is proposed interpretation"", ""feature_id"": ""MARG-072"", ""inventory_origin"": ""edition_matrix"", ""proposed_browser_module"": ""Digital payment collection"", ""scope_status"": ""preserved_in_scope"", ""source_basic"": ""included"", ""source_feature"": ""Margpay Intrigration"", ""source_gold"": ""included"", ""source_retrieved_date"": ""2026-09-24"", ""source_row_number"": ""72"", ""source_sequence"": ""72"", ""source_silver"": ""included"", ""source_url"": ""https://margcompusoft.com/marg-features.html""}"
MARG-073,../marg/webapp-parity-map.csv,ERP-028,Direct calling/Order Calling,Find customer contact; initiate a supported call action; capture and follow up the resulting order.,Browser/device calling support and consent; automatic dialing service needs separate authorization.,preserved_in_scope,vendor_matrix; workflow is proposed interpretation,https://margcompusoft.com/marg-features.html,"{""concrete_user_workflow"": ""Find customer contact; initiate a supported call action; capture and follow up the resulting order."", ""dependencies_uncertainties"": ""Browser/device calling support and consent; automatic dialing service needs separate authorization."", ""evidence_level"": ""vendor_matrix; workflow is proposed interpretation"", ""feature_id"": ""MARG-073"", ""inventory_origin"": ""edition_matrix"", ""proposed_browser_module"": ""Call and order desk"", ""scope_status"": ""preserved_in_scope"", ""source_basic"": ""included"", ""source_feature"": ""Direct calling/Order Calling"", ""source_gold"": ""included"", ""source_retrieved_date"": ""2026-09-24"", ""source_row_number"": ""73"", ""source_sequence"": ""73"", ""source_silver"": ""included"", ""source_url"": ""https://margcompusoft.com/marg-features.html""}"
MARG-074,../marg/webapp-parity-map.csv,ERP-033,Go digital,"Discover and open enabled document, commerce and communication workflows from one browser hub.",Go digital is a marketing umbrella; retain coverage link without inventing unique functionality.,preserved_in_scope,vendor_matrix; workflow is proposed interpretation,https://margcompusoft.com/marg-features.html,"{""concrete_user_workflow"": ""Discover and open enabled document, commerce and communication workflows from one browser hub."", ""dependencies_uncertainties"": ""Go digital is a marketing umbrella; retain coverage link without inventing unique functionality."", ""evidence_level"": ""vendor_matrix; workflow is proposed interpretation"", ""feature_id"": ""MARG-074"", ""inventory_origin"": ""edition_matrix"", ""proposed_browser_module"": ""Digital services hub"", ""scope_status"": ""preserved_in_scope"", ""source_basic"": ""included"", ""source_feature"": ""Go digital"", ""source_gold"": ""included"", ""source_retrieved_date"": ""2026-09-24"", ""source_row_number"": ""74"", ""source_sequence"": ""74"", ""source_silver"": ""included"", ""source_url"": ""https://margcompusoft.com/marg-features.html""}"
MARG-075,../marg/webapp-parity-map.csv,ERP-019,ICICI banking,View authorized bank data; prepare transfers; track approvals and reconcile results.,"Bank consent, contracts, credentials and supported actions; local fixtures cannot imply live banking.",preserved_in_scope,vendor_matrix; workflow is proposed interpretation,https://margcompusoft.com/marg-features.html,"{""concrete_user_workflow"": ""View authorized bank data; prepare transfers; track approvals and reconcile results."", ""dependencies_uncertainties"": ""Bank consent, contracts, credentials and supported actions; local fixtures cannot imply live banking."", ""evidence_level"": ""vendor_matrix; workflow is proposed interpretation"", ""feature_id"": ""MARG-075"", ""inventory_origin"": ""edition_matrix"", ""proposed_browser_module"": ""ICICI banking workspace"", ""scope_status"": ""preserved_in_scope"", ""source_basic"": ""included"", ""source_feature"": ""ICICI banking"", ""source_gold"": ""included"", ""source_retrieved_date"": ""2026-09-24"", ""source_row_number"": ""75"", ""source_sequence"": ""75"", ""source_silver"": ""included"", ""source_url"": ""https://margcompusoft.com/marg-features.html""}"
MARG-076,../marg/webapp-parity-map.csv,ERP-032;WORK-05;WORK-10,PDF Bill Import,Upload supplier PDF; inspect extracted lines; map items; correct and save a purchase draft.,"Extraction provider, duplicate detection, evidence retention and operator review; no accuracy guarantee.",preserved_in_scope,vendor_matrix; workflow is proposed interpretation,https://margcompusoft.com/marg-features.html,"{""concrete_user_workflow"": ""Upload supplier PDF; inspect extracted lines; map items; correct and save a purchase draft."", ""dependencies_uncertainties"": ""Extraction provider, duplicate detection, evidence retention and operator review; no accuracy guarantee."", ""evidence_level"": ""vendor_matrix; workflow is proposed interpretation"", ""feature_id"": ""MARG-076"", ""inventory_origin"": ""edition_matrix"", ""proposed_browser_module"": ""Purchase PDF capture"", ""scope_status"": ""preserved_in_scope"", ""source_basic"": ""excluded"", ""source_feature"": ""PDF Bill Import"", ""source_gold"": ""included"", ""source_retrieved_date"": ""2026-09-24"", ""source_row_number"": ""76"", ""source_sequence"": ""76"", ""source_silver"": ""included"", ""source_url"": ""https://margcompusoft.com/marg-features.html""}"
MARG-077,../marg/webapp-parity-map.csv,ERP-024;WORK-04;WORK-12,Audit Trail,"Inspect who changed/approved a document, when and why; compare versions and related postings.","Coverage, retention and tamper resistance require specification; source activation behavior is not proof of immutability.",preserved_in_scope,vendor_matrix; workflow is proposed interpretation,https://margcompusoft.com/marg-features.html,"{""concrete_user_workflow"": ""Inspect who changed/approved a document, when and why; compare versions and related postings."", ""dependencies_uncertainties"": ""Coverage, retention and tamper resistance require specification; source activation behavior is not proof of immutability."", ""evidence_level"": ""vendor_matrix; workflow is proposed interpretation"", ""feature_id"": ""MARG-077"", ""inventory_origin"": ""edition_matrix"", ""proposed_browser_module"": ""Audit history"", ""scope_status"": ""preserved_in_scope"", ""source_basic"": ""included"", ""source_feature"": ""Audit Trail"", ""source_gold"": ""included"", ""source_retrieved_date"": ""2026-09-24"", ""source_row_number"": ""77"", ""source_sequence"": ""77"", ""source_silver"": ""included"", ""source_url"": ""https://margcompusoft.com/marg-features.html""}"
MARG-078,../marg/webapp-parity-map.csv,ERP-029;WORK-03;WORK-13,Order CRM,"Record customer demand, follow-ups and order status; assign responsible staff and next action.","Clarify relationships with promise orders, call desk and broader sales CRM to avoid duplicate records.",preserved_in_scope,vendor_matrix; workflow is proposed interpretation,https://margcompusoft.com/marg-features.html,"{""concrete_user_workflow"": ""Record customer demand, follow-ups and order status; assign responsible staff and next action."", ""dependencies_uncertainties"": ""Clarify relationships with promise orders, call desk and broader sales CRM to avoid duplicate records."", ""evidence_level"": ""vendor_matrix; workflow is proposed interpretation"", ""feature_id"": ""MARG-078"", ""inventory_origin"": ""edition_matrix"", ""proposed_browser_module"": ""Order CRM"", ""scope_status"": ""preserved_in_scope"", ""source_basic"": ""included"", ""source_feature"": ""Order CRM"", ""source_gold"": ""included"", ""source_retrieved_date"": ""2026-09-24"", ""source_row_number"": ""78"", ""source_sequence"": ""78"", ""source_silver"": ""included"", ""source_url"": ""https://margcompusoft.com/marg-features.html""}"
MARG-079,../marg/webapp-parity-map.csv,ERP-021,Merge Report,"Select companies, GSTINs, branches and periods; view consolidated management reports and drill to original independent records.",User confirmed multi-company/GSTIN/branch scope; preserve company books and GSTIN-specific statutory returns; mapping/eliminations require reviewed rules.,preserved_in_scope,vendor_matrix; workflow is proposed interpretation,https://margcompusoft.com/marg-features.html,"{""concrete_user_workflow"": ""Select companies, GSTINs, branches and periods; view consolidated management reports and drill to original independent records."", ""dependencies_uncertainties"": ""User confirmed multi-company/GSTIN/branch scope; preserve company books and GSTIN-specific statutory returns; mapping/eliminations require reviewed rules."", ""evidence_level"": ""vendor_matrix; workflow is proposed interpretation"", ""feature_id"": ""MARG-079"", ""inventory_origin"": ""edition_matrix"", ""proposed_browser_module"": ""Consolidated reports"", ""scope_status"": ""preserved_in_scope"", ""source_basic"": ""included"", ""source_feature"": ""Merge Report"", ""source_gold"": ""included"", ""source_retrieved_date"": ""2026-09-24"", ""source_row_number"": ""79"", ""source_sequence"": ""79"", ""source_silver"": ""included"", ""source_url"": ""https://margcompusoft.com/marg-features.html""}"
MARG-080,../marg/webapp-parity-map.csv,ERP-034,Super Pack/Home Edition,Inspect enabled feature bundles and permitted browser workspaces for a business.,Super Pack/Home Edition is an unresolved commercial label; obtain current feature definition; do not drop scope.,preserved_in_scope,vendor_matrix; workflow is proposed interpretation,https://margcompusoft.com/marg-features.html,"{""concrete_user_workflow"": ""Inspect enabled feature bundles and permitted browser workspaces for a business."", ""dependencies_uncertainties"": ""Super Pack/Home Edition is an unresolved commercial label; obtain current feature definition; do not drop scope."", ""evidence_level"": ""vendor_matrix; workflow is proposed interpretation"", ""feature_id"": ""MARG-080"", ""inventory_origin"": ""edition_matrix"", ""proposed_browser_module"": ""Package entitlements"", ""scope_status"": ""preserved_in_scope"", ""source_basic"": ""included"", ""source_feature"": ""Super Pack/Home Edition"", ""source_gold"": ""included"", ""source_retrieved_date"": ""2026-09-24"", ""source_row_number"": ""80"", ""source_sequence"": ""80"", ""source_silver"": ""included"", ""source_url"": ""https://margcompusoft.com/marg-features.html""}"
MARG-081,../marg/webapp-parity-map.csv,ERP-030,Home delivery,"Assign orders; pick/dispatch; track delivery attempts, failures and completion in responsive browser screens.",Address accuracy and status evidence; signature/photo proof is not established by current research.,preserved_in_scope,vendor_matrix; workflow is proposed interpretation,https://margcompusoft.com/marg-features.html,"{""concrete_user_workflow"": ""Assign orders; pick/dispatch; track delivery attempts, failures and completion in responsive browser screens."", ""dependencies_uncertainties"": ""Address accuracy and status evidence; signature/photo proof is not established by current research."", ""evidence_level"": ""vendor_matrix; workflow is proposed interpretation"", ""feature_id"": ""MARG-081"", ""inventory_origin"": ""edition_matrix"", ""proposed_browser_module"": ""Delivery workspace"", ""scope_status"": ""preserved_in_scope"", ""source_basic"": ""excluded"", ""source_feature"": ""Home delivery"", ""source_gold"": ""included"", ""source_retrieved_date"": ""2026-09-24"", ""source_row_number"": ""81"", ""source_sequence"": ""81"", ""source_silver"": ""included"", ""source_url"": ""https://margcompusoft.com/marg-features.html""}"
MARG-082,../marg/webapp-parity-map.csv,ERP-018,Bill Tagging,"Tag receipts, payments and adjustments to specific invoices and inspect remaining balances.","Confirm Bill Tagging semantics; one-to-many allocations, credits and undo need examples.",preserved_in_scope,vendor_matrix; workflow is proposed interpretation,https://margcompusoft.com/marg-features.html,"{""concrete_user_workflow"": ""Tag receipts, payments and adjustments to specific invoices and inspect remaining balances."", ""dependencies_uncertainties"": ""Confirm Bill Tagging semantics; one-to-many allocations, credits and undo need examples."", ""evidence_level"": ""vendor_matrix; workflow is proposed interpretation"", ""feature_id"": ""MARG-082"", ""inventory_origin"": ""edition_matrix"", ""proposed_browser_module"": ""Bill allocation"", ""scope_status"": ""preserved_in_scope"", ""source_basic"": ""excluded"", ""source_feature"": ""Bill Tagging"", ""source_gold"": ""included"", ""source_retrieved_date"": ""2026-09-24"", ""source_row_number"": ""82"", ""source_sequence"": ""82"", ""source_silver"": ""included"", ""source_url"": ""https://margcompusoft.com/marg-features.html""}"
MARG-083,../marg/webapp-parity-map.csv,ERP-031;WORK-05,Financial Year Backup on Mail,Create a year-end archive; preview approved email distribution and restore information.,"Sensitive data access, email attachment limits and provider authorization; sending is not automatic.",preserved_in_scope,vendor_matrix; workflow is proposed interpretation,https://margcompusoft.com/marg-features.html,"{""concrete_user_workflow"": ""Create a year-end archive; preview approved email distribution and restore information."", ""dependencies_uncertainties"": ""Sensitive data access, email attachment limits and provider authorization; sending is not automatic."", ""evidence_level"": ""vendor_matrix; workflow is proposed interpretation"", ""feature_id"": ""MARG-083"", ""inventory_origin"": ""edition_matrix"", ""proposed_browser_module"": ""Financial-year archive"", ""scope_status"": ""preserved_in_scope"", ""source_basic"": ""included"", ""source_feature"": ""Financial Year Backup on Mail"", ""source_gold"": ""included"", ""source_retrieved_date"": ""2026-09-24"", ""source_row_number"": ""83"", ""source_sequence"": ""83"", ""source_silver"": ""included"", ""source_url"": ""https://margcompusoft.com/marg-features.html""}"
MARG-084,../marg/webapp-parity-map.csv,ERP-033,E-Business,"Open retailer, supplier and owner web workspaces for ordering, balances and shared documents.",E-Business bundles multiple roles; each external relationship and permission must be established.,preserved_in_scope,vendor_matrix; workflow is proposed interpretation,https://margcompusoft.com/marg-features.html,"{""concrete_user_workflow"": ""Open retailer, supplier and owner web workspaces for ordering, balances and shared documents."", ""dependencies_uncertainties"": ""E-Business bundles multiple roles; each external relationship and permission must be established."", ""evidence_level"": ""vendor_matrix; workflow is proposed interpretation"", ""feature_id"": ""MARG-084"", ""inventory_origin"": ""edition_matrix"", ""proposed_browser_module"": ""Business portals"", ""scope_status"": ""preserved_in_scope"", ""source_basic"": ""included"", ""source_feature"": ""E-Business"", ""source_gold"": ""included"", ""source_retrieved_date"": ""2026-09-24"", ""source_row_number"": ""84"", ""source_sequence"": ""84"", ""source_silver"": ""included"", ""source_url"": ""https://margcompusoft.com/marg-features.html""}"
MARG-085,../marg/webapp-parity-map.csv,ERP-035,Salesman App,"Use responsive browser views to capture orders/collections, inspect stock and customer balances.","Replace native app job with web workflow; mobile connectivity, location consent and printing require validation.",preserved_in_scope,vendor_matrix; workflow is proposed interpretation,https://margcompusoft.com/marg-features.html,"{""concrete_user_workflow"": ""Use responsive browser views to capture orders/collections, inspect stock and customer balances."", ""dependencies_uncertainties"": ""Replace native app job with web workflow; mobile connectivity, location consent and printing require validation."", ""evidence_level"": ""vendor_matrix; workflow is proposed interpretation"", ""feature_id"": ""MARG-085"", ""inventory_origin"": ""edition_matrix"", ""proposed_browser_module"": ""Salesperson workspace"", ""scope_status"": ""preserved_in_scope"", ""source_basic"": ""included"", ""source_feature"": ""Salesman App"", ""source_gold"": ""included"", ""source_retrieved_date"": ""2026-09-24"", ""source_row_number"": ""85"", ""source_sequence"": ""85"", ""source_silver"": ""included"", ""source_url"": ""https://margcompusoft.com/marg-features.html""}"
MARG-086,../marg/webapp-parity-map.csv,ERP-036,Pharmanxt Free Drug Helpline,Search permitted drug/salt references and supplier discovery; open approved helpline resources.,PharmaNXT service/data rights and clinical limitations; do not imply prescribing authority.,preserved_in_scope,vendor_matrix; workflow is proposed interpretation,https://margcompusoft.com/marg-features.html,"{""concrete_user_workflow"": ""Search permitted drug/salt references and supplier discovery; open approved helpline resources."", ""dependencies_uncertainties"": ""PharmaNXT service/data rights and clinical limitations; do not imply prescribing authority."", ""evidence_level"": ""vendor_matrix; workflow is proposed interpretation"", ""feature_id"": ""MARG-086"", ""inventory_origin"": ""edition_matrix"", ""proposed_browser_module"": ""Drug reference desk"", ""scope_status"": ""preserved_in_scope"", ""source_basic"": ""included"", ""source_feature"": ""Pharmanxt Free Drug Helpline"", ""source_gold"": ""included"", ""source_retrieved_date"": ""2026-09-24"", ""source_row_number"": ""86"", ""source_sequence"": ""86"", ""source_silver"": ""included"", ""source_url"": ""https://margcompusoft.com/marg-features.html""}"
MARG-087,../marg/webapp-parity-map.csv,ERP-021,Data Analysis Dashboard,"Explore stock, sales, margins and trends; filter dimensions and drill to source transactions.",Define distinction from operational dashboard and calculations; source label alone gives no chart catalogue.,preserved_in_scope,vendor_matrix; workflow is proposed interpretation,https://margcompusoft.com/marg-features.html,"{""concrete_user_workflow"": ""Explore stock, sales, margins and trends; filter dimensions and drill to source transactions."", ""dependencies_uncertainties"": ""Define distinction from operational dashboard and calculations; source label alone gives no chart catalogue."", ""evidence_level"": ""vendor_matrix; workflow is proposed interpretation"", ""feature_id"": ""MARG-087"", ""inventory_origin"": ""edition_matrix"", ""proposed_browser_module"": ""Analysis dashboard"", ""scope_status"": ""preserved_in_scope"", ""source_basic"": ""included"", ""source_feature"": ""Data Analysis Dashboard"", ""source_gold"": ""included"", ""source_retrieved_date"": ""2026-09-24"", ""source_row_number"": ""87"", ""source_sequence"": ""87"", ""source_silver"": ""included"", ""source_url"": ""https://margcompusoft.com/marg-features.html""}"
MARG-088,../marg/webapp-parity-map.csv,ERP-028;WORK-02;WORK-03,Stock & Sales e-Mail Scheduler,"Configure report recipients, periods and times; preview report and inspect delivery history.","Email authorization, time zones, permissions and failed sends; local preview remains available without service.",preserved_in_scope,vendor_matrix; workflow is proposed interpretation,https://margcompusoft.com/marg-features.html,"{""concrete_user_workflow"": ""Configure report recipients, periods and times; preview report and inspect delivery history."", ""dependencies_uncertainties"": ""Email authorization, time zones, permissions and failed sends; local preview remains available without service."", ""evidence_level"": ""vendor_matrix; workflow is proposed interpretation"", ""feature_id"": ""MARG-088"", ""inventory_origin"": ""edition_matrix"", ""proposed_browser_module"": ""Report delivery schedules"", ""scope_status"": ""preserved_in_scope"", ""source_basic"": ""included"", ""source_feature"": ""Stock & Sales e-Mail Scheduler"", ""source_gold"": ""included"", ""source_retrieved_date"": ""2026-09-24"", ""source_row_number"": ""88"", ""source_sequence"": ""88"", ""source_silver"": ""included"", ""source_url"": ""https://margcompusoft.com/marg-features.html""}"
MARG-089,../marg/webapp-parity-map.csv,ERP-033,Collaborative Commerce,"Share authorized catalogue, stock/offer/order information with trading partners.","Collaborative Commerce is broad; confirm partner identity, sharing consent and supported exchanges.",preserved_in_scope,vendor_matrix; workflow is proposed interpretation,https://margcompusoft.com/marg-features.html,"{""concrete_user_workflow"": ""Share authorized catalogue, stock/offer/order information with trading partners."", ""dependencies_uncertainties"": ""Collaborative Commerce is broad; confirm partner identity, sharing consent and supported exchanges."", ""evidence_level"": ""vendor_matrix; workflow is proposed interpretation"", ""feature_id"": ""MARG-089"", ""inventory_origin"": ""edition_matrix"", ""proposed_browser_module"": ""Trading-partner workspace"", ""scope_status"": ""preserved_in_scope"", ""source_basic"": ""included"", ""source_feature"": ""Collaborative Commerce"", ""source_gold"": ""included"", ""source_retrieved_date"": ""2026-09-24"", ""source_row_number"": ""89"", ""source_sequence"": ""89"", ""source_silver"": ""included"", ""source_url"": ""https://margcompusoft.com/marg-features.html""}"
MARG-090,../marg/webapp-parity-map.csv,ERP-019;WORK-11,Connected Banking,Select an authorized bank service; inspect balances/transactions and prepare permitted actions.,"Bank-specific coverage differs from statement import; contracts, MFA and approval boundaries apply.",preserved_in_scope,vendor_matrix; workflow is proposed interpretation,https://margcompusoft.com/marg-features.html,"{""concrete_user_workflow"": ""Select an authorized bank service; inspect balances/transactions and prepare permitted actions."", ""dependencies_uncertainties"": ""Bank-specific coverage differs from statement import; contracts, MFA and approval boundaries apply."", ""evidence_level"": ""vendor_matrix; workflow is proposed interpretation"", ""feature_id"": ""MARG-090"", ""inventory_origin"": ""edition_matrix"", ""proposed_browser_module"": ""Connected bank services"", ""scope_status"": ""preserved_in_scope"", ""source_basic"": ""included"", ""source_feature"": ""Connected Banking"", ""source_gold"": ""included"", ""source_retrieved_date"": ""2026-09-24"", ""source_row_number"": ""90"", ""source_sequence"": ""90"", ""source_silver"": ""included"", ""source_url"": ""https://margcompusoft.com/marg-features.html""}"
MARG-091,../marg/webapp-parity-map.csv,ERP-032;WORK-11,ERP to ERP,Browse supplier availability/rates/schemes; place orders; inspect received order and acknowledgement.,"Partner mapping, permitted interfaces, commercial access and duplicate handling; not open access to Marg network.",preserved_in_scope,vendor_matrix; workflow is proposed interpretation,https://margcompusoft.com/marg-features.html,"{""concrete_user_workflow"": ""Browse supplier availability/rates/schemes; place orders; inspect received order and acknowledgement."", ""dependencies_uncertainties"": ""Partner mapping, permitted interfaces, commercial access and duplicate handling; not open access to Marg network."", ""evidence_level"": ""vendor_matrix; workflow is proposed interpretation"", ""feature_id"": ""MARG-091"", ""inventory_origin"": ""edition_matrix"", ""proposed_browser_module"": ""ERP order exchange"", ""scope_status"": ""preserved_in_scope"", ""source_basic"": ""included"", ""source_feature"": ""ERP to ERP"", ""source_gold"": ""included"", ""source_retrieved_date"": ""2026-09-24"", ""source_row_number"": ""91"", ""source_sequence"": ""91"", ""source_silver"": ""included"", ""source_url"": ""https://margcompusoft.com/marg-features.html""}"
MARG-092,../marg/webapp-parity-map.csv,ERP-033,Pass Ki Dukaan,Publish a reviewed shop/catalogue profile; let customers discover and request goods from nearby stores.,"Confirm Pass Ki Dukaan service scope; maps, marketplace permissions and catalogue publication require setup.",preserved_in_scope,vendor_matrix; workflow is proposed interpretation,https://margcompusoft.com/marg-features.html,"{""concrete_user_workflow"": ""Publish a reviewed shop/catalogue profile; let customers discover and request goods from nearby stores."", ""dependencies_uncertainties"": ""Confirm Pass Ki Dukaan service scope; maps, marketplace permissions and catalogue publication require setup."", ""evidence_level"": ""vendor_matrix; workflow is proposed interpretation"", ""feature_id"": ""MARG-092"", ""inventory_origin"": ""edition_matrix"", ""proposed_browser_module"": ""Nearby shop discovery"", ""scope_status"": ""preserved_in_scope"", ""source_basic"": ""included"", ""source_feature"": ""Pass Ki Dukaan"", ""source_gold"": ""included"", ""source_retrieved_date"": ""2026-09-24"", ""source_row_number"": ""92"", ""source_sequence"": ""92"", ""source_silver"": ""included"", ""source_url"": ""https://margcompusoft.com/marg-features.html""}"
MARG-093,../marg/webapp-parity-map.csv,ERP-023;WORK-01;WORK-08;WORK-13,Users,"Manage staff, accountants and CA access by company, GSTIN and branch; inspect preparer/reviewer permissions.",User confirmed staff preparation plus accountant/CA review; competitor prices/seat limits do not restrict our scope; review independence and overrides need policy.,preserved_in_scope,vendor_matrix; workflow is proposed interpretation,https://margcompusoft.com/marg-features.html,"{""concrete_user_workflow"": ""Manage staff, accountants and CA access by company, GSTIN and branch; inspect preparer/reviewer permissions."", ""dependencies_uncertainties"": ""User confirmed staff preparation plus accountant/CA review; competitor prices/seat limits do not restrict our scope; review independence and overrides need policy."", ""evidence_level"": ""vendor_matrix; workflow is proposed interpretation"", ""feature_id"": ""MARG-093"", ""inventory_origin"": ""edition_matrix"", ""proposed_browser_module"": ""Users and companies"", ""scope_status"": ""preserved_in_scope"", ""source_basic"": ""text_only"", ""source_feature"": ""Users"", ""source_gold"": ""text_only"", ""source_retrieved_date"": ""2026-09-24"", ""source_row_number"": ""93"", ""source_sequence"": ""93"", ""source_silver"": ""text_only"", ""source_url"": ""https://margcompusoft.com/marg-features.html""}"
ADD-001,../marg/webapp-parity-map.csv,ERP-026,Touchscreen POS and multiple counters,Run concurrent counter sessions; scan items; accept tenders; recover an interrupted bill.,Scanner/cash drawer/printer compatibility and concurrency behavior need device trials.,preserved_in_scope,vendor_documented_or_advertised; see uncertainty,https://margcompusoft.com/retail/supermarket_software.html,"{""concrete_user_workflow"": ""Run concurrent counter sessions; scan items; accept tenders; recover an interrupted bill."", ""dependencies_uncertainties"": ""Scanner/cash drawer/printer compatibility and concurrency behavior need device trials."", ""evidence_level"": ""vendor_documented_or_advertised; see uncertainty"", ""feature_id"": ""ADD-001"", ""inventory_origin"": ""additional_inventory"", ""proposed_browser_module"": ""Retail hardware"", ""scope_status"": ""preserved_in_scope"", ""source_basic"": """", ""source_feature"": ""Touchscreen POS and multiple counters"", ""source_gold"": """", ""source_retrieved_date"": ""2026-09-24"", ""source_row_number"": """", ""source_sequence"": """", ""source_silver"": """", ""source_url"": ""https://margcompusoft.com/retail/supermarket_software.html""}"
ADD-002,../marg/webapp-parity-map.csv,ERP-026,Weighing-scale billing,Read or enter measured weight; choose item; calculate and review priced quantity.,"Browser device support, calibration and units must be verified; manual fallback is a workflow choice.",preserved_in_scope,vendor_documented_or_advertised; see uncertainty,https://margcompusoft.com/retail/supermarket_software.html,"{""concrete_user_workflow"": ""Read or enter measured weight; choose item; calculate and review priced quantity."", ""dependencies_uncertainties"": ""Browser device support, calibration and units must be verified; manual fallback is a workflow choice."", ""evidence_level"": ""vendor_documented_or_advertised; see uncertainty"", ""feature_id"": ""ADD-002"", ""inventory_origin"": ""additional_inventory"", ""proposed_browser_module"": ""Retail hardware"", ""scope_status"": ""preserved_in_scope"", ""source_basic"": """", ""source_feature"": ""Weighing-scale billing"", ""source_gold"": """", ""source_retrieved_date"": ""2026-09-24"", ""source_row_number"": """", ""source_sequence"": """", ""source_silver"": """", ""source_url"": ""https://margcompusoft.com/retail/supermarket_software.html""}"
ADD-003,../marg/webapp-parity-map.csv,ERP-048,Loyalty rewards,"Enroll customers; accrue, redeem and adjust points with returns.","Consent, expiry, rounding and scheme stacking need policy examples.",preserved_in_scope,vendor_documented_or_advertised; see uncertainty,https://margcompusoft.com/retail/retail_software.html,"{""concrete_user_workflow"": ""Enroll customers; accrue, redeem and adjust points with returns."", ""dependencies_uncertainties"": ""Consent, expiry, rounding and scheme stacking need policy examples."", ""evidence_level"": ""vendor_documented_or_advertised; see uncertainty"", ""feature_id"": ""ADD-003"", ""inventory_origin"": ""additional_inventory"", ""proposed_browser_module"": ""Retail loyalty"", ""scope_status"": ""preserved_in_scope"", ""source_basic"": """", ""source_feature"": ""Loyalty rewards"", ""source_gold"": """", ""source_retrieved_date"": ""2026-09-24"", ""source_row_number"": """", ""source_sequence"": """", ""source_silver"": """", ""source_url"": ""https://margcompusoft.com/retail/retail_software.html""}"
ADD-004,../marg/webapp-parity-map.csv,ERP-025,Local-language printing,Choose supported language and review invoice/label rendering before printing.,Exact languages/fonts and regulatory labels require validation.,preserved_in_scope,vendor_documented_or_advertised; see uncertainty,https://margcompusoft.com/retail/supermarket_software.html,"{""concrete_user_workflow"": ""Choose supported language and review invoice/label rendering before printing."", ""dependencies_uncertainties"": ""Exact languages/fonts and regulatory labels require validation."", ""evidence_level"": ""vendor_documented_or_advertised; see uncertainty"", ""feature_id"": ""ADD-004"", ""inventory_origin"": ""additional_inventory"", ""proposed_browser_module"": ""Document localization"", ""scope_status"": ""preserved_in_scope"", ""source_basic"": """", ""source_feature"": ""Local-language printing"", ""source_gold"": """", ""source_retrieved_date"": ""2026-09-24"", ""source_row_number"": """", ""source_sequence"": """", ""source_silver"": """", ""source_url"": ""https://margcompusoft.com/retail/supermarket_software.html""}"
ADD-005,../marg/webapp-parity-map.csv,ERP-003,Rack-level stock location,Assign item/batch rack locations; show picking guidance and rack stock reports.,Rack versus store identifiers; mixed bins and replenishment need examples.,preserved_in_scope,vendor_documented_or_advertised; see uncertainty,https://margcompusoft.com/retail/retail_software.html,"{""concrete_user_workflow"": ""Assign item/batch rack locations; show picking guidance and rack stock reports."", ""dependencies_uncertainties"": ""Rack versus store identifiers; mixed bins and replenishment need examples."", ""evidence_level"": ""vendor_documented_or_advertised; see uncertainty"", ""feature_id"": ""ADD-005"", ""inventory_origin"": ""additional_inventory"", ""proposed_browser_module"": ""Warehouse layout"", ""scope_status"": ""preserved_in_scope"", ""source_basic"": """", ""source_feature"": ""Rack-level stock location"", ""source_gold"": """", ""source_retrieved_date"": ""2026-09-24"", ""source_row_number"": """", ""source_sequence"": """", ""source_silver"": """", ""source_url"": ""https://margcompusoft.com/retail/retail_software.html""}"
ADD-006,../marg/webapp-parity-map.csv,ERP-008,Sales-based reorder planning,"Review demand, thresholds and pending supply; propose supplier-specific purchase orders.",Validate minimum/maximum and shortage formulas; no claim of predictive AI.,preserved_in_scope,vendor_documented_or_advertised; see uncertainty,https://care.margcompusoft.com/margerp/re-order-management,"{""concrete_user_workflow"": ""Review demand, thresholds and pending supply; propose supplier-specific purchase orders."", ""dependencies_uncertainties"": ""Validate minimum/maximum and shortage formulas; no claim of predictive AI."", ""evidence_level"": ""vendor_documented_or_advertised; see uncertainty"", ""feature_id"": ""ADD-006"", ""inventory_origin"": ""additional_inventory"", ""proposed_browser_module"": ""Replenishment"", ""scope_status"": ""preserved_in_scope"", ""source_basic"": """", ""source_feature"": ""Sales-based reorder planning"", ""source_gold"": """", ""source_retrieved_date"": ""2026-09-24"", ""source_row_number"": """", ""source_sequence"": """", ""source_silver"": """", ""source_url"": ""https://care.margcompusoft.com/margerp/re-order-management""}"
ADD-007,../marg/webapp-parity-map.csv,ERP-015,Purchase-cost and supplier comparison,"Compare recent supplier deals, effective unit cost and terms before an order.","Normalize free quantities, taxes, freight and unit conversions.",preserved_in_scope,vendor_documented_or_advertised; see uncertainty,https://margcompusoft.com/retail/stock_management_software.html,"{""concrete_user_workflow"": ""Compare recent supplier deals, effective unit cost and terms before an order."", ""dependencies_uncertainties"": ""Normalize free quantities, taxes, freight and unit conversions."", ""evidence_level"": ""vendor_documented_or_advertised; see uncertainty"", ""feature_id"": ""ADD-007"", ""inventory_origin"": ""additional_inventory"", ""proposed_browser_module"": ""Supplier purchasing"", ""scope_status"": ""preserved_in_scope"", ""source_basic"": """", ""source_feature"": ""Purchase-cost and supplier comparison"", ""source_gold"": """", ""source_retrieved_date"": ""2026-09-24"", ""source_row_number"": """", ""source_sequence"": """", ""source_silver"": """", ""source_url"": ""https://margcompusoft.com/retail/stock_management_software.html""}"
ADD-008,../marg/webapp-parity-map.csv,ERP-011,Supplier/customer claims,Record expected scheme/expiry benefits; submit supporting statements; track settlements and disputes.,Distinguish commercial claims from stock returns and GST credit notes.,preserved_in_scope,vendor_documented_or_advertised; see uncertainty,https://margcompusoft.com/distribution/fmcg_software_india.html,"{""concrete_user_workflow"": ""Record expected scheme/expiry benefits; submit supporting statements; track settlements and disputes."", ""dependencies_uncertainties"": ""Distinguish commercial claims from stock returns and GST credit notes."", ""evidence_level"": ""vendor_documented_or_advertised; see uncertainty"", ""feature_id"": ""ADD-008"", ""inventory_origin"": ""additional_inventory"", ""proposed_browser_module"": ""Claims and incentives"", ""scope_status"": ""preserved_in_scope"", ""source_basic"": """", ""source_feature"": ""Supplier/customer claims"", ""source_gold"": """", ""source_retrieved_date"": ""2026-09-24"", ""source_row_number"": """", ""source_sequence"": """", ""source_silver"": """", ""source_url"": ""https://margcompusoft.com/distribution/fmcg_software_india.html""}"
ADD-009,../marg/webapp-parity-map.csv,ERP-035,Salesperson commissions,Configure permitted commission rules; inspect item/person totals and post reviewed amounts.,"Returns, discount exclusions and payout adjustments require examples.",preserved_in_scope,vendor_documented_or_advertised; see uncertainty,https://care.margcompusoft.com/margerp/sale-analysis/95/1/trees,"{""concrete_user_workflow"": ""Configure permitted commission rules; inspect item/person totals and post reviewed amounts."", ""dependencies_uncertainties"": ""Returns, discount exclusions and payout adjustments require examples."", ""evidence_level"": ""vendor_documented_or_advertised; see uncertainty"", ""feature_id"": ""ADD-009"", ""inventory_origin"": ""additional_inventory"", ""proposed_browser_module"": ""Claims and incentives"", ""scope_status"": ""preserved_in_scope"", ""source_basic"": """", ""source_feature"": ""Salesperson commissions"", ""source_gold"": """", ""source_retrieved_date"": ""2026-09-24"", ""source_row_number"": """", ""source_sequence"": """", ""source_silver"": """", ""source_url"": ""https://care.margcompusoft.com/margerp/sale-analysis/95/1/trees""}"
ADD-010,../marg/webapp-parity-map.csv,ERP-008,Barcode physical counts,Collect count quantities; compare imported/scanned counts with book stock and review variances.,"Comparison is documented; blind counts, adjustments and approval behavior need specification.",preserved_in_scope,vendor_documented_or_advertised; see uncertainty,https://care.margcompusoft.com/margerp/inventory-reports/2748/1/how-to-map-software-stock-with-physical-stock-on-the-basis-of-barcode-in-marg-erp-software,"{""concrete_user_workflow"": ""Collect count quantities; compare imported/scanned counts with book stock and review variances."", ""dependencies_uncertainties"": ""Comparison is documented; blind counts, adjustments and approval behavior need specification."", ""evidence_level"": ""vendor_documented_or_advertised; see uncertainty"", ""feature_id"": ""ADD-010"", ""inventory_origin"": ""additional_inventory"", ""proposed_browser_module"": ""Physical inventory"", ""scope_status"": ""preserved_in_scope"", ""source_basic"": """", ""source_feature"": ""Barcode physical counts"", ""source_gold"": """", ""source_retrieved_date"": ""2026-09-24"", ""source_row_number"": """", ""source_sequence"": """", ""source_silver"": """", ""source_url"": ""https://care.margcompusoft.com/margerp/inventory-reports/2748/1/how-to-map-software-stock-with-physical-stock-on-the-basis-of-barcode-in-marg-erp-software""}"
ADD-011,../marg/webapp-parity-map.csv,ERP-009,PO to purchase bill,Select pending PO and received items; load a purchase draft and inspect remaining commitment.,"Partial receipt, overreceipt and duplicate supplier bill checks require examples.",preserved_in_scope,vendor_documented_or_advertised; see uncertainty,https://care.margcompusoft.com/margerp/purchase/41306/1/How-to-Load-purchase-Order,"{""concrete_user_workflow"": ""Select pending PO and received items; load a purchase draft and inspect remaining commitment."", ""dependencies_uncertainties"": ""Partial receipt, overreceipt and duplicate supplier bill checks require examples."", ""evidence_level"": ""vendor_documented_or_advertised; see uncertainty"", ""feature_id"": ""ADD-011"", ""inventory_origin"": ""additional_inventory"", ""proposed_browser_module"": ""Procurement fulfilment"", ""scope_status"": ""preserved_in_scope"", ""source_basic"": """", ""source_feature"": ""PO to purchase bill"", ""source_gold"": """", ""source_retrieved_date"": ""2026-09-24"", ""source_row_number"": """", ""source_sequence"": """", ""source_silver"": """", ""source_url"": ""https://care.margcompusoft.com/margerp/purchase/41306/1/How-to-Load-purchase-Order""}"
ADD-012,../marg/webapp-parity-map.csv,ERP-011,Previously sold batch validation,Select customer/source invoice and restrict return selection to documented sold batches where configured.,Manual exceptions require explicit permissions; retain original quantities and tax context.,preserved_in_scope,vendor_documented_or_advertised; see uncertainty,https://care.margcompusoft.com/margerp/sale-return/28701/1/sale%20return,"{""concrete_user_workflow"": ""Select customer/source invoice and restrict return selection to documented sold batches where configured."", ""dependencies_uncertainties"": ""Manual exceptions require explicit permissions; retain original quantities and tax context."", ""evidence_level"": ""vendor_documented_or_advertised; see uncertainty"", ""feature_id"": ""ADD-012"", ""inventory_origin"": ""additional_inventory"", ""proposed_browser_module"": ""Returns provenance"", ""scope_status"": ""preserved_in_scope"", ""source_basic"": """", ""source_feature"": ""Previously sold batch validation"", ""source_gold"": """", ""source_retrieved_date"": ""2026-09-24"", ""source_row_number"": """", ""source_sequence"": """", ""source_silver"": """", ""source_url"": ""https://care.margcompusoft.com/margerp/sale-return/28701/1/sale%20return""}"
ADD-013,../marg/webapp-parity-map.csv,ERP-032;WORK-05;WORK-10;WORK-11,CSV/Excel master and purchase imports,Upload files; map fields/parties/items; preview errors; reconcile imported records.,Real sample formats and idempotency needed; imported records must retain source provenance.,preserved_in_scope,vendor_documented_or_advertised; see uncertainty,https://care.margcompusoft.com/margerp/data-import-export/169862/1/common,"{""concrete_user_workflow"": ""Upload files; map fields/parties/items; preview errors; reconcile imported records."", ""dependencies_uncertainties"": ""Real sample formats and idempotency needed; imported records must retain source provenance."", ""evidence_level"": ""vendor_documented_or_advertised; see uncertainty"", ""feature_id"": ""ADD-013"", ""inventory_origin"": ""additional_inventory"", ""proposed_browser_module"": ""Data import and migration"", ""scope_status"": ""preserved_in_scope"", ""source_basic"": """", ""source_feature"": ""CSV/Excel master and purchase imports"", ""source_gold"": """", ""source_retrieved_date"": ""2026-09-24"", ""source_row_number"": """", ""source_sequence"": """", ""source_silver"": """", ""source_url"": ""https://care.margcompusoft.com/margerp/data-import-export/169862/1/common""}"
ADD-014,../marg/webapp-parity-map.csv,ERP-032;WORK-11,ERP Bridger and accounting exchange,Export/import agreed account and inventory records including relevant Tally transfers.,Supported formats and completeness need sample validation; proprietary integrations require permission.,preserved_in_scope,vendor_documented_or_advertised; see uncertainty,https://care.margcompusoft.com/margerp/data-import-export/169862/1/common,"{""concrete_user_workflow"": ""Export/import agreed account and inventory records including relevant Tally transfers."", ""dependencies_uncertainties"": ""Supported formats and completeness need sample validation; proprietary integrations require permission."", ""evidence_level"": ""vendor_documented_or_advertised; see uncertainty"", ""feature_id"": ""ADD-014"", ""inventory_origin"": ""additional_inventory"", ""proposed_browser_module"": ""Data import and migration"", ""scope_status"": ""preserved_in_scope"", ""source_basic"": """", ""source_feature"": ""ERP Bridger and accounting exchange"", ""source_gold"": """", ""source_retrieved_date"": ""2026-09-24"", ""source_row_number"": """", ""source_sequence"": """", ""source_silver"": """", ""source_url"": ""https://care.margcompusoft.com/margerp/data-import-export/169862/1/common""}"
ADD-015,../marg/webapp-parity-map.csv,ERP-032;WORK-05;WORK-10,Genie-style invoice photography,Upload a photographed invoice; inspect extraction against image; correct and confirm a draft.,Vendor advertises capture; extraction accuracy and provider access are unverified.,preserved_in_scope,vendor_documented_or_advertised; see uncertainty,https://margcompusoft.com/marg-genie/index.html,"{""concrete_user_workflow"": ""Upload a photographed invoice; inspect extraction against image; correct and confirm a draft."", ""dependencies_uncertainties"": ""Vendor advertises capture; extraction accuracy and provider access are unverified."", ""evidence_level"": ""vendor_documented_or_advertised; see uncertainty"", ""feature_id"": ""ADD-015"", ""inventory_origin"": ""additional_inventory"", ""proposed_browser_module"": ""Photo purchase capture"", ""scope_status"": ""preserved_in_scope"", ""source_basic"": """", ""source_feature"": ""Genie-style invoice photography"", ""source_gold"": """", ""source_retrieved_date"": ""2026-09-24"", ""source_row_number"": """", ""source_sequence"": """", ""source_silver"": """", ""source_url"": ""https://margcompusoft.com/marg-genie/index.html""}"
ADD-016,../marg/webapp-parity-map.csv,ERP-037,Patient and prescription records,Record permitted prescription-linked dispensing and patient references; retrieve past transactions.,"Consent, data minimization, access and retention; prescribing/clinical decision support is not assumed.",preserved_in_scope,vendor_documented_or_advertised; see uncertainty,https://margcompusoft.com/retail/chemist_software.html,"{""concrete_user_workflow"": ""Record permitted prescription-linked dispensing and patient references; retrieve past transactions."", ""dependencies_uncertainties"": ""Consent, data minimization, access and retention; prescribing/clinical decision support is not assumed."", ""evidence_level"": ""vendor_documented_or_advertised; see uncertainty"", ""feature_id"": ""ADD-016"", ""inventory_origin"": ""additional_inventory"", ""proposed_browser_module"": ""Pharmacy customer desk"", ""scope_status"": ""preserved_in_scope"", ""source_basic"": """", ""source_feature"": ""Patient and prescription records"", ""source_gold"": """", ""source_retrieved_date"": ""2026-09-24"", ""source_row_number"": """", ""source_sequence"": """", ""source_silver"": """", ""source_url"": ""https://margcompusoft.com/retail/chemist_software.html""}"
ADD-017,../marg/webapp-parity-map.csv,ERP-037,Refill reminders,Record refill preferences and expected dates; review due reminders and response history.,Patient consent and message-provider authorization; no automatic clinical dosing advice.,preserved_in_scope,vendor_documented_or_advertised; see uncertainty,https://margcompusoft.com/retail/chemist_software.html,"{""concrete_user_workflow"": ""Record refill preferences and expected dates; review due reminders and response history."", ""dependencies_uncertainties"": ""Patient consent and message-provider authorization; no automatic clinical dosing advice."", ""evidence_level"": ""vendor_documented_or_advertised; see uncertainty"", ""feature_id"": ""ADD-017"", ""inventory_origin"": ""additional_inventory"", ""proposed_browser_module"": ""Pharmacy customer desk"", ""scope_status"": ""preserved_in_scope"", ""source_basic"": """", ""source_feature"": ""Refill reminders"", ""source_gold"": """", ""source_retrieved_date"": ""2026-09-24"", ""source_row_number"": """", ""source_sequence"": """", ""source_silver"": """", ""source_url"": ""https://margcompusoft.com/retail/chemist_software.html""}"
ADD-018,../marg/webapp-parity-map.csv,ERP-037,Promise orders,Record demand for unavailable items; link replenishment and notify customer after review.,Reservation expiry and customer consent; actual availability must be checked before messaging.,preserved_in_scope,vendor_documented_or_advertised; see uncertainty,https://margcompusoft.com/retail/store_management_software.html,"{""concrete_user_workflow"": ""Record demand for unavailable items; link replenishment and notify customer after review."", ""dependencies_uncertainties"": ""Reservation expiry and customer consent; actual availability must be checked before messaging."", ""evidence_level"": ""vendor_documented_or_advertised; see uncertainty"", ""feature_id"": ""ADD-018"", ""inventory_origin"": ""additional_inventory"", ""proposed_browser_module"": ""Customer demand"", ""scope_status"": ""preserved_in_scope"", ""source_basic"": """", ""source_feature"": ""Promise orders"", ""source_gold"": """", ""source_retrieved_date"": ""2026-09-24"", ""source_row_number"": """", ""source_sequence"": """", ""source_silver"": """", ""source_url"": ""https://margcompusoft.com/retail/store_management_software.html""}"
ADD-019,../marg/webapp-parity-map.csv,ERP-035,C&F and manufacturer reporting,"Maintain distributor/manufacturer relationships; report stock, sales and claims by principal.","Consignment ownership, reporting formats and principal contracts require examples.",preserved_in_scope,vendor_documented_or_advertised; see uncertainty,https://margcompusoft.com/distribution/pharma_software.html,"{""concrete_user_workflow"": ""Maintain distributor/manufacturer relationships; report stock, sales and claims by principal."", ""dependencies_uncertainties"": ""Consignment ownership, reporting formats and principal contracts require examples."", ""evidence_level"": ""vendor_documented_or_advertised; see uncertainty"", ""feature_id"": ""ADD-019"", ""inventory_origin"": ""additional_inventory"", ""proposed_browser_module"": ""Pharma distribution"", ""scope_status"": ""preserved_in_scope"", ""source_basic"": """", ""source_feature"": ""C&F and manufacturer reporting"", ""source_gold"": """", ""source_retrieved_date"": ""2026-09-24"", ""source_row_number"": """", ""source_sequence"": """", ""source_silver"": """", ""source_url"": ""https://margcompusoft.com/distribution/pharma_software.html""}"
ADD-020,../marg/webapp-parity-map.csv,ERP-042,Size/colour/style/season variants,Create variants; print labels; sell/exchange exact sizes and colours; inspect variant stock.,"Parent/variant identity, pricing and historical labels require explicit examples.",preserved_in_scope,vendor_documented_or_advertised; see uncertainty,https://margcompusoft.com/retail/garment_software.html,"{""concrete_user_workflow"": ""Create variants; print labels; sell/exchange exact sizes and colours; inspect variant stock."", ""dependencies_uncertainties"": ""Parent/variant identity, pricing and historical labels require explicit examples."", ""evidence_level"": ""vendor_documented_or_advertised; see uncertainty"", ""feature_id"": ""ADD-020"", ""inventory_origin"": ""additional_inventory"", ""proposed_browser_module"": ""Garment catalogue"", ""scope_status"": ""preserved_in_scope"", ""source_basic"": """", ""source_feature"": ""Size/colour/style/season variants"", ""source_gold"": """", ""source_retrieved_date"": ""2026-09-24"", ""source_row_number"": """", ""source_sequence"": """", ""source_silver"": """", ""source_url"": ""https://margcompusoft.com/retail/garment_software.html""}"
ADD-021,../marg/webapp-parity-map.csv,ERP-043,Purity/weight and making charges,Capture article purity/weight; choose applicable metal rate; calculate making charges and bill.,"Rate basis, wastage, hallmark records and tax rules require jewellery-specific review.",preserved_in_scope,vendor_documented_or_advertised; see uncertainty,https://margcompusoft.com/accounting_software.html,"{""concrete_user_workflow"": ""Capture article purity/weight; choose applicable metal rate; calculate making charges and bill."", ""dependencies_uncertainties"": ""Rate basis, wastage, hallmark records and tax rules require jewellery-specific review."", ""evidence_level"": ""vendor_documented_or_advertised; see uncertainty"", ""feature_id"": ""ADD-021"", ""inventory_origin"": ""additional_inventory"", ""proposed_browser_module"": ""Jewellery desk"", ""scope_status"": ""preserved_in_scope"", ""source_basic"": """", ""source_feature"": ""Purity/weight and making charges"", ""source_gold"": """", ""source_retrieved_date"": ""2026-09-24"", ""source_row_number"": """", ""source_sequence"": """", ""source_silver"": """", ""source_url"": ""https://margcompusoft.com/accounting_software.html""}"
ADD-022,../marg/webapp-parity-map.csv,ERP-043,Karigar and repairs,Issue articles/material to karigars; record repair/job progress; reconcile material and charges on receipt.,"Loss/wastage, article custody and customer approvals require examples.",preserved_in_scope,vendor_documented_or_advertised; see uncertainty,https://margcompusoft.com/accounting_software.html,"{""concrete_user_workflow"": ""Issue articles/material to karigars; record repair/job progress; reconcile material and charges on receipt."", ""dependencies_uncertainties"": ""Loss/wastage, article custody and customer approvals require examples."", ""evidence_level"": ""vendor_documented_or_advertised; see uncertainty"", ""feature_id"": ""ADD-022"", ""inventory_origin"": ""additional_inventory"", ""proposed_browser_module"": ""Jewellery workshop"", ""scope_status"": ""preserved_in_scope"", ""source_basic"": """", ""source_feature"": ""Karigar and repairs"", ""source_gold"": """", ""source_retrieved_date"": ""2026-09-24"", ""source_row_number"": """", ""source_sequence"": """", ""source_silver"": """", ""source_url"": ""https://margcompusoft.com/accounting_software.html""}"
ADD-023,../marg/webapp-parity-map.csv,ERP-043,Old-gold exchange,Record exchanged article/valuation; link agreed consideration to new sale and settlements.,"Ownership evidence, valuation and tax treatment require specialist validation.",preserved_in_scope,vendor_documented_or_advertised; see uncertainty,https://margcompusoft.com/retail/billing_software.html,"{""concrete_user_workflow"": ""Record exchanged article/valuation; link agreed consideration to new sale and settlements."", ""dependencies_uncertainties"": ""Ownership evidence, valuation and tax treatment require specialist validation."", ""evidence_level"": ""vendor_documented_or_advertised; see uncertainty"", ""feature_id"": ""ADD-023"", ""inventory_origin"": ""additional_inventory"", ""proposed_browser_module"": ""Jewellery exchange"", ""scope_status"": ""preserved_in_scope"", ""source_basic"": """", ""source_feature"": ""Old-gold exchange"", ""source_gold"": """", ""source_retrieved_date"": ""2026-09-24"", ""source_row_number"": """", ""source_sequence"": """", ""source_silver"": """", ""source_url"": ""https://margcompusoft.com/retail/billing_software.html""}"
ADD-024,../marg/webapp-parity-map.csv,ERP-044,Tables and order modes,Open dine-in/takeaway/delivery orders; transfer tables; split or merge permitted bills.,"Occupancy, concurrent staff edits and tax/service-charge rules need examples.",preserved_in_scope,vendor_documented_or_advertised; see uncertainty,https://margcompusoft.com/accounting_software.html,"{""concrete_user_workflow"": ""Open dine-in/takeaway/delivery orders; transfer tables; split or merge permitted bills."", ""dependencies_uncertainties"": ""Occupancy, concurrent staff edits and tax/service-charge rules need examples."", ""evidence_level"": ""vendor_documented_or_advertised; see uncertainty"", ""feature_id"": ""ADD-024"", ""inventory_origin"": ""additional_inventory"", ""proposed_browser_module"": ""Restaurant service"", ""scope_status"": ""preserved_in_scope"", ""source_basic"": """", ""source_feature"": ""Tables and order modes"", ""source_gold"": """", ""source_retrieved_date"": ""2026-09-24"", ""source_row_number"": """", ""source_sequence"": """", ""source_silver"": """", ""source_url"": ""https://margcompusoft.com/accounting_software.html""}"
ADD-025,../marg/webapp-parity-map.csv,ERP-044,KOT and kitchen display,Route ordered items to kitchen queues; record preparation/status changes and cancellations.,"Ticket amendments, multiple stations and printer/display compatibility need validation.",preserved_in_scope,vendor_documented_or_advertised; see uncertainty,https://margcompusoft.com/accounting_software.html,"{""concrete_user_workflow"": ""Route ordered items to kitchen queues; record preparation/status changes and cancellations."", ""dependencies_uncertainties"": ""Ticket amendments, multiple stations and printer/display compatibility need validation."", ""evidence_level"": ""vendor_documented_or_advertised; see uncertainty"", ""feature_id"": ""ADD-025"", ""inventory_origin"": ""additional_inventory"", ""proposed_browser_module"": ""Restaurant kitchen"", ""scope_status"": ""preserved_in_scope"", ""source_basic"": """", ""source_feature"": ""KOT and kitchen display"", ""source_gold"": """", ""source_retrieved_date"": ""2026-09-24"", ""source_row_number"": """", ""source_sequence"": """", ""source_silver"": """", ""source_url"": ""https://margcompusoft.com/accounting_software.html""}"
ADD-026,../marg/webapp-parity-map.csv,ERP-044,Recipe inventory consumption,Maintain recipe quantities; record production/sale consumption and inspect ingredient waste.,"Recipe units, yield and inventory posting trigger need actual restaurant scenarios.",preserved_in_scope,vendor_documented_or_advertised; see uncertainty,https://margcompusoft.com/accounting_software.html,"{""concrete_user_workflow"": ""Maintain recipe quantities; record production/sale consumption and inspect ingredient waste."", ""dependencies_uncertainties"": ""Recipe units, yield and inventory posting trigger need actual restaurant scenarios."", ""evidence_level"": ""vendor_documented_or_advertised; see uncertainty"", ""feature_id"": ""ADD-026"", ""inventory_origin"": ""additional_inventory"", ""proposed_browser_module"": ""Restaurant costs"", ""scope_status"": ""preserved_in_scope"", ""source_basic"": """", ""source_feature"": ""Recipe inventory consumption"", ""source_gold"": """", ""source_retrieved_date"": ""2026-09-24"", ""source_row_number"": """", ""source_sequence"": """", ""source_silver"": """", ""source_url"": ""https://margcompusoft.com/accounting_software.html""}"
ADD-027,../marg/webapp-parity-map.csv,ERP-044,Zomato/Swiggy order intake,Review imported channel orders; accept permitted actions and reconcile settlement documents.,"Partner access, licensing and current API coverage are not turnkey.",preserved_in_scope,vendor_documented_or_advertised; see uncertainty,https://margcompusoft.com/accounting_software.html,"{""concrete_user_workflow"": ""Review imported channel orders; accept permitted actions and reconcile settlement documents."", ""dependencies_uncertainties"": ""Partner access, licensing and current API coverage are not turnkey."", ""evidence_level"": ""vendor_documented_or_advertised; see uncertainty"", ""feature_id"": ""ADD-027"", ""inventory_origin"": ""additional_inventory"", ""proposed_browser_module"": ""Restaurant channels"", ""scope_status"": ""preserved_in_scope"", ""source_basic"": """", ""source_feature"": ""Zomato/Swiggy order intake"", ""source_gold"": """", ""source_retrieved_date"": ""2026-09-24"", ""source_row_number"": """", ""source_sequence"": """", ""source_silver"": """", ""source_url"": ""https://margcompusoft.com/accounting_software.html""}"
ADD-028,../marg/webapp-parity-map.csv,ERP-044,Tips and waiter reporting,Assign service staff; record tips; report sales/tips and reviewed allocations.,"Tip ownership, split rules and payroll/accounting links need policy definition.",preserved_in_scope,vendor_documented_or_advertised; see uncertainty,https://margcompusoft.com/accounting_software.html,"{""concrete_user_workflow"": ""Assign service staff; record tips; report sales/tips and reviewed allocations."", ""dependencies_uncertainties"": ""Tip ownership, split rules and payroll/accounting links need policy definition."", ""evidence_level"": ""vendor_documented_or_advertised; see uncertainty"", ""feature_id"": ""ADD-028"", ""inventory_origin"": ""additional_inventory"", ""proposed_browser_module"": ""Restaurant staff"", ""scope_status"": ""preserved_in_scope"", ""source_basic"": """", ""source_feature"": ""Tips and waiter reporting"", ""source_gold"": """", ""source_retrieved_date"": ""2026-09-24"", ""source_row_number"": """", ""source_sequence"": """", ""source_silver"": """", ""source_url"": ""https://margcompusoft.com/accounting_software.html""}"
ADD-029,../marg/webapp-parity-map.csv,ERP-045,Appointments and staff shifts,"Schedule client/beautician appointments; manage shifts, reminders and service billing.","Overlap rules, no-shows and message consent need examples.",preserved_in_scope,vendor_documented_or_advertised; see uncertainty,https://margcompusoft.com/accounting_software.html,"{""concrete_user_workflow"": ""Schedule client/beautician appointments; manage shifts, reminders and service billing."", ""dependencies_uncertainties"": ""Overlap rules, no-shows and message consent need examples."", ""evidence_level"": ""vendor_documented_or_advertised; see uncertainty"", ""feature_id"": ""ADD-029"", ""inventory_origin"": ""additional_inventory"", ""proposed_browser_module"": ""Salon desk"", ""scope_status"": ""preserved_in_scope"", ""source_basic"": """", ""source_feature"": ""Appointments and staff shifts"", ""source_gold"": """", ""source_retrieved_date"": ""2026-09-24"", ""source_row_number"": """", ""source_sequence"": """", ""source_silver"": """", ""source_url"": ""https://margcompusoft.com/accounting_software.html""}"
ADD-030,../marg/webapp-parity-map.csv,ERP-046,Production planning and material requirements,Create production demand; inspect material requirements; plan purchases and work orders.,"BOM versions, capacity assumptions and production states need manufacturing examples.",preserved_in_scope,vendor_documented_or_advertised; see uncertainty,https://margcompusoft.com/manufacturing-software.html,"{""concrete_user_workflow"": ""Create production demand; inspect material requirements; plan purchases and work orders."", ""dependencies_uncertainties"": ""BOM versions, capacity assumptions and production states need manufacturing examples."", ""evidence_level"": ""vendor_documented_or_advertised; see uncertainty"", ""feature_id"": ""ADD-030"", ""inventory_origin"": ""additional_inventory"", ""proposed_browser_module"": ""Manufacturing planning"", ""scope_status"": ""preserved_in_scope"", ""source_basic"": """", ""source_feature"": ""Production planning and material requirements"", ""source_gold"": """", ""source_retrieved_date"": ""2026-09-24"", ""source_row_number"": """", ""source_sequence"": """", ""source_silver"": """", ""source_url"": ""https://margcompusoft.com/manufacturing-software.html""}"
ADD-031,../marg/webapp-parity-map.csv,ERP-046,Formulation/BOM and batch costing,Issue materials to a production batch; record outputs/yields and calculate reviewed batch costs.,"Process-specific costing, scrap, rework and units require validation.",preserved_in_scope,vendor_documented_or_advertised; see uncertainty,https://margcompusoft.com/pharma_erp_software.html,"{""concrete_user_workflow"": ""Issue materials to a production batch; record outputs/yields and calculate reviewed batch costs."", ""dependencies_uncertainties"": ""Process-specific costing, scrap, rework and units require validation."", ""evidence_level"": ""vendor_documented_or_advertised; see uncertainty"", ""feature_id"": ""ADD-031"", ""inventory_origin"": ""additional_inventory"", ""proposed_browser_module"": ""Manufacturing execution"", ""scope_status"": ""preserved_in_scope"", ""source_basic"": """", ""source_feature"": ""Formulation/BOM and batch costing"", ""source_gold"": """", ""source_retrieved_date"": ""2026-09-24"", ""source_row_number"": """", ""source_sequence"": """", ""source_silver"": """", ""source_url"": ""https://margcompusoft.com/pharma_erp_software.html""}"
ADD-032,../marg/webapp-parity-map.csv,ERP-046,Quality release and manufacturing records,Record required production/test evidence; hold or release batches by approved review.,Applicable quality regulations and signatures need specialist specification; no certification claim.,preserved_in_scope,vendor_documented_or_advertised; see uncertainty,https://margcompusoft.com/pharma_erp_software.html,"{""concrete_user_workflow"": ""Record required production/test evidence; hold or release batches by approved review."", ""dependencies_uncertainties"": ""Applicable quality regulations and signatures need specialist specification; no certification claim."", ""evidence_level"": ""vendor_documented_or_advertised; see uncertainty"", ""feature_id"": ""ADD-032"", ""inventory_origin"": ""additional_inventory"", ""proposed_browser_module"": ""Manufacturing quality"", ""scope_status"": ""preserved_in_scope"", ""source_basic"": """", ""source_feature"": ""Quality release and manufacturing records"", ""source_gold"": """", ""source_retrieved_date"": ""2026-09-24"", ""source_row_number"": """", ""source_sequence"": """", ""source_silver"": """", ""source_url"": ""https://margcompusoft.com/pharma_erp_software.html""}"
ADD-033,../marg/webapp-parity-map.csv,ERP-037,Patient-linked pharmacy dispensing,Link dispensations and charges to permitted patient/visit records.,Does not imply a complete hospital information system or clinical prescribing capability.,preserved_in_scope,vendor_documented_or_advertised; see uncertainty,https://margcompusoft.com/retail/clinical-pharmacy-software.html,"{""concrete_user_workflow"": ""Link dispensations and charges to permitted patient/visit records."", ""dependencies_uncertainties"": ""Does not imply a complete hospital information system or clinical prescribing capability."", ""evidence_level"": ""vendor_documented_or_advertised; see uncertainty"", ""feature_id"": ""ADD-033"", ""inventory_origin"": ""additional_inventory"", ""proposed_browser_module"": ""Clinical pharmacy"", ""scope_status"": ""preserved_in_scope"", ""source_basic"": """", ""source_feature"": ""Patient-linked pharmacy dispensing"", ""source_gold"": """", ""source_retrieved_date"": ""2026-09-24"", ""source_row_number"": """", ""source_sequence"": """", ""source_silver"": """", ""source_url"": ""https://margcompusoft.com/retail/clinical-pharmacy-software.html""}"
ADD-034,../marg/webapp-parity-map.csv,ERP-033,eRetail equivalent,"Browse supplier stock/rates/schemes; place orders; inspect invoices, balances and short supplies.",Responsive web workspace; supplier consent and live network access are separate dependencies.,preserved_in_scope,vendor_documented_or_advertised; see uncertainty,https://tutorial.margcompusoft.com/tutorial/396-e-retail-android-application-english,"{""concrete_user_workflow"": ""Browse supplier stock/rates/schemes; place orders; inspect invoices, balances and short supplies."", ""dependencies_uncertainties"": ""Responsive web workspace; supplier consent and live network access are separate dependencies."", ""evidence_level"": ""vendor_documented_or_advertised; see uncertainty"", ""feature_id"": ""ADD-034"", ""inventory_origin"": ""additional_inventory"", ""proposed_browser_module"": ""Retailer portal"", ""scope_status"": ""preserved_in_scope"", ""source_basic"": """", ""source_feature"": ""eRetail equivalent"", ""source_gold"": """", ""source_retrieved_date"": ""2026-09-24"", ""source_row_number"": """", ""source_sequence"": """", ""source_silver"": """", ""source_url"": ""https://tutorial.margcompusoft.com/tutorial/396-e-retail-android-application-english""}"
ADD-035,../marg/webapp-parity-map.csv,ERP-035,eBilling equivalent,Create authorized field invoices; share/print them; record collections and inspect stock.,"Responsive browser workflow; numbering, connectivity and mobile/Bluetooth printing compatibility need validation.",preserved_in_scope,vendor_documented_or_advertised; see uncertainty,https://care.margcompusoft.com/ebusiness-app/e-business/182212/5/what-is-the-process-of-e-billing-app-integration-with-marg-software,"{""concrete_user_workflow"": ""Create authorized field invoices; share/print them; record collections and inspect stock."", ""dependencies_uncertainties"": ""Responsive browser workflow; numbering, connectivity and mobile/Bluetooth printing compatibility need validation."", ""evidence_level"": ""vendor_documented_or_advertised; see uncertainty"", ""feature_id"": ""ADD-035"", ""inventory_origin"": ""additional_inventory"", ""proposed_browser_module"": ""Field billing"", ""scope_status"": ""preserved_in_scope"", ""source_basic"": """", ""source_feature"": ""eBilling equivalent"", ""source_gold"": """", ""source_retrieved_date"": ""2026-09-24"", ""source_row_number"": """", ""source_sequence"": """", ""source_silver"": """", ""source_url"": ""https://care.margcompusoft.com/ebusiness-app/e-business/182212/5/what-is-the-process-of-e-billing-app-integration-with-marg-software""}"
ADD-036,../marg/webapp-parity-map.csv,ERP-030,eDelivery equivalent,Open assigned deliveries; navigate; record delivered/failed state and reason.,Responsive web workspace; maps and location permissions; photo/signature proof not established by evidence.,preserved_in_scope,vendor_documented_or_advertised; see uncertainty,https://care.margcompusoft.com/ebusiness-app/credit-limit-management/170217/utils/inftrees,"{""concrete_user_workflow"": ""Open assigned deliveries; navigate; record delivered/failed state and reason."", ""dependencies_uncertainties"": ""Responsive web workspace; maps and location permissions; photo/signature proof not established by evidence."", ""evidence_level"": ""vendor_documented_or_advertised; see uncertainty"", ""feature_id"": ""ADD-036"", ""inventory_origin"": ""additional_inventory"", ""proposed_browser_module"": ""Delivery operations"", ""scope_status"": ""preserved_in_scope"", ""source_basic"": """", ""source_feature"": ""eDelivery equivalent"", ""source_gold"": """", ""source_retrieved_date"": ""2026-09-24"", ""source_row_number"": """", ""source_sequence"": """", ""source_silver"": """", ""source_url"": ""https://care.margcompusoft.com/ebusiness-app/credit-limit-management/170217/utils/inftrees""}"
ADD-037,../marg/webapp-parity-map.csv,ERP-021,eOwner equivalent,"Inspect businesses, financial balances, inventory and field performance from a responsive browser view.",Role-scoped reporting; not assumed identical to every desktop editing function.,preserved_in_scope,vendor_documented_or_advertised; see uncertainty,https://margcompusoft.com/manufacturing/pharmaceutical_manufacturing_software_erp.html,"{""concrete_user_workflow"": ""Inspect businesses, financial balances, inventory and field performance from a responsive browser view."", ""dependencies_uncertainties"": ""Role-scoped reporting; not assumed identical to every desktop editing function."", ""evidence_level"": ""vendor_documented_or_advertised; see uncertainty"", ""feature_id"": ""ADD-037"", ""inventory_origin"": ""additional_inventory"", ""proposed_browser_module"": ""Owner workspace"", ""scope_status"": ""preserved_in_scope"", ""source_basic"": """", ""source_feature"": ""eOwner equivalent"", ""source_gold"": """", ""source_retrieved_date"": ""2026-09-24"", ""source_row_number"": """", ""source_sequence"": """", ""source_silver"": """", ""source_url"": ""https://margcompusoft.com/manufacturing/pharmaceutical_manufacturing_software_erp.html""}"
ADD-038,../marg/webapp-parity-map.csv,ERP-035,SFAXpert equivalent,"Plan calls; record visits, attendance/expenses and sales reports; inspect follow-up tasks.",Responsive browser workspace; geolocation consent and employer policies; no native app requirement.,preserved_in_scope,vendor_documented_or_advertised; see uncertainty,https://margcompusoft.com/onlinemrReporting.html,"{""concrete_user_workflow"": ""Plan calls; record visits, attendance/expenses and sales reports; inspect follow-up tasks."", ""dependencies_uncertainties"": ""Responsive browser workspace; geolocation consent and employer policies; no native app requirement."", ""evidence_level"": ""vendor_documented_or_advertised; see uncertainty"", ""feature_id"": ""ADD-038"", ""inventory_origin"": ""additional_inventory"", ""proposed_browser_module"": ""Field-force CRM"", ""scope_status"": ""preserved_in_scope"", ""source_basic"": """", ""source_feature"": ""SFAXpert equivalent"", ""source_gold"": """", ""source_retrieved_date"": ""2026-09-24"", ""source_row_number"": """", ""source_sequence"": """", ""source_silver"": """", ""source_url"": ""https://margcompusoft.com/onlinemrReporting.html""}"
ADD-039,../marg/webapp-parity-map.csv,ERP-033,MargMart and shop QR equivalent,Build catalogue; preview shop/QR ordering; accept orders and inspect fulfilment.,"Local preview now; external publication, payment and marketplace services require explicit setup.",preserved_in_scope,vendor_documented_or_advertised; see uncertainty,https://margcompusoft.com/,"{""concrete_user_workflow"": ""Build catalogue; preview shop/QR ordering; accept orders and inspect fulfilment."", ""dependencies_uncertainties"": ""Local preview now; external publication, payment and marketplace services require explicit setup."", ""evidence_level"": ""vendor_documented_or_advertised; see uncertainty"", ""feature_id"": ""ADD-039"", ""inventory_origin"": ""additional_inventory"", ""proposed_browser_module"": ""Online storefront"", ""scope_status"": ""preserved_in_scope"", ""source_basic"": """", ""source_feature"": ""MargMart and shop QR equivalent"", ""source_gold"": """", ""source_retrieved_date"": ""2026-09-24"", ""source_row_number"": """", ""source_sequence"": """", ""source_silver"": """", ""source_url"": ""https://margcompusoft.com/""}"
ADD-040,../marg/webapp-parity-map.csv,ERP-034,Wallet and service entitlements,"Inspect enabled external services, usage records and expected charges; review service actions.",No funds held or paid jobs opened locally; provider terms and pricing require separate approval.,preserved_in_scope,vendor_documented_or_advertised; see uncertainty,https://care.margcompusoft.com/margerp/marg-wallet/183073/1/marg-wallet-plan-and-price-list,"{""concrete_user_workflow"": ""Inspect enabled external services, usage records and expected charges; review service actions."", ""dependencies_uncertainties"": ""No funds held or paid jobs opened locally; provider terms and pricing require separate approval."", ""evidence_level"": ""vendor_documented_or_advertised; see uncertainty"", ""feature_id"": ""ADD-040"", ""inventory_origin"": ""additional_inventory"", ""proposed_browser_module"": ""Service usage"", ""scope_status"": ""preserved_in_scope"", ""source_basic"": """", ""source_feature"": ""Wallet and service entitlements"", ""source_gold"": """", ""source_retrieved_date"": ""2026-09-24"", ""source_row_number"": """", ""source_sequence"": """", ""source_silver"": """", ""source_url"": ""https://care.margcompusoft.com/margerp/marg-wallet/183073/1/marg-wallet-plan-and-price-list""}"
ADD-041,../marg/webapp-parity-map.csv,ERP-035,DMSXpert/WebXpert equivalent,Map partner SKUs; receive authorized channel/branch reports; inspect consolidated sales and stock.,Partner permissions and data completeness; transactional orchestration is not established.,preserved_in_scope,vendor_documented_or_advertised; see uncertainty,https://margcompusoft.com/Package/web_reporting_dmsxpert.html,"{""concrete_user_workflow"": ""Map partner SKUs; receive authorized channel/branch reports; inspect consolidated sales and stock."", ""dependencies_uncertainties"": ""Partner permissions and data completeness; transactional orchestration is not established."", ""evidence_level"": ""vendor_documented_or_advertised; see uncertainty"", ""feature_id"": ""ADD-041"", ""inventory_origin"": ""additional_inventory"", ""proposed_browser_module"": ""Channel reporting"", ""scope_status"": ""preserved_in_scope"", ""source_basic"": """", ""source_feature"": ""DMSXpert/WebXpert equivalent"", ""source_gold"": """", ""source_retrieved_date"": ""2026-09-24"", ""source_row_number"": """", ""source_sequence"": """", ""source_silver"": """", ""source_url"": ""https://margcompusoft.com/Package/web_reporting_dmsxpert.html""}"
ADD-042,../marg/webapp-parity-map.csv,ERP-035,ECOD Secure equivalent jobs,Receive authorized manufacturer/distributor sales data; map and inspect reporting exceptions.,"Data rights, contracts and source quality; no promise of access to ECOD proprietary datasets.",preserved_in_scope,vendor_documented_or_advertised; see uncertainty,https://ecodsecure.com/ecod.html,"{""concrete_user_workflow"": ""Receive authorized manufacturer/distributor sales data; map and inspect reporting exceptions."", ""dependencies_uncertainties"": ""Data rights, contracts and source quality; no promise of access to ECOD proprietary datasets."", ""evidence_level"": ""vendor_documented_or_advertised; see uncertainty"", ""feature_id"": ""ADD-042"", ""inventory_origin"": ""additional_inventory"", ""proposed_browser_module"": ""Secondary-sales intelligence"", ""scope_status"": ""preserved_in_scope"", ""source_basic"": """", ""source_feature"": ""ECOD Secure equivalent jobs"", ""source_gold"": """", ""source_retrieved_date"": ""2026-09-24"", ""source_row_number"": """", ""source_sequence"": """", ""source_silver"": """", ""source_url"": ""https://ecodsecure.com/ecod.html""}"
ADD-043,../marg/webapp-parity-map.csv,ERP-047;WORK-09,HRXpert/MargHR equivalent jobs,"Maintain employees, attendance, leave and salary inputs; calculate/review payroll and reports.",Separate adjacent-product inventory; statutory calculations and confidential access require validated rules.,preserved_in_scope,vendor_documented_or_advertised; see uncertainty,https://margcompusoft.com/payroll_software.html,"{""concrete_user_workflow"": ""Maintain employees, attendance, leave and salary inputs; calculate/review payroll and reports."", ""dependencies_uncertainties"": ""Separate adjacent-product inventory; statutory calculations and confidential access require validated rules."", ""evidence_level"": ""vendor_documented_or_advertised; see uncertainty"", ""feature_id"": ""ADD-043"", ""inventory_origin"": ""additional_inventory"", ""proposed_browser_module"": ""Payroll and people"", ""scope_status"": ""preserved_in_scope"", ""source_basic"": """", ""source_feature"": ""HRXpert/MargHR equivalent jobs"", ""source_gold"": """", ""source_retrieved_date"": ""2026-09-24"", ""source_row_number"": """", ""source_sequence"": """", ""source_silver"": """", ""source_url"": ""https://margcompusoft.com/payroll_software.html""}"
ADD-044,../marg/webapp-parity-map.csv,ERP-032;WORK-11,API access and exchange monitoring,Configure permitted partner access; inspect master/order/stock/dispatch exchanges and failures.,Public Marg API is paid and partial; feature parity does not grant access or prove full GST/accounting coverage.,preserved_in_scope,vendor_documented_or_advertised; see uncertainty,https://margcompusoft.com/api/MobileSolutions.html,"{""concrete_user_workflow"": ""Configure permitted partner access; inspect master/order/stock/dispatch exchanges and failures."", ""dependencies_uncertainties"": ""Public Marg API is paid and partial; feature parity does not grant access or prove full GST/accounting coverage."", ""evidence_level"": ""vendor_documented_or_advertised; see uncertainty"", ""feature_id"": ""ADD-044"", ""inventory_origin"": ""additional_inventory"", ""proposed_browser_module"": ""Integration administration"", ""scope_status"": ""preserved_in_scope"", ""source_basic"": """", ""source_feature"": ""API access and exchange monitoring"", ""source_gold"": """", ""source_retrieved_date"": ""2026-09-24"", ""source_row_number"": """", ""source_sequence"": """", ""source_silver"": """", ""source_url"": ""https://margcompusoft.com/api/MobileSolutions.html""}"
ADD-045,../marg/webapp-parity-map.csv,ERP-032;WORK-11,Books Vinculum connector equivalent,Review channel orders; map items/taxes; convert approved orders to sales invoices.,"Books-specific evidence; connector contracts, credentials and current platform coverage need validation.",preserved_in_scope,vendor_documented_or_advertised; see uncertainty,https://care.margcompusoft.com/marg-books/e-commerce/184130/9/what-is-the-process-of-e---commerce-vinculum-in-marg-books,"{""concrete_user_workflow"": ""Review channel orders; map items/taxes; convert approved orders to sales invoices."", ""dependencies_uncertainties"": ""Books-specific evidence; connector contracts, credentials and current platform coverage need validation."", ""evidence_level"": ""vendor_documented_or_advertised; see uncertainty"", ""feature_id"": ""ADD-045"", ""inventory_origin"": ""additional_inventory"", ""proposed_browser_module"": ""Commerce order imports"", ""scope_status"": ""preserved_in_scope"", ""source_basic"": """", ""source_feature"": ""Books Vinculum connector equivalent"", ""source_gold"": """", ""source_retrieved_date"": ""2026-09-24"", ""source_row_number"": """", ""source_sequence"": """", ""source_silver"": """", ""source_url"": ""https://care.margcompusoft.com/marg-books/e-commerce/184130/9/what-is-the-process-of-e---commerce-vinculum-in-marg-books""}"
ADD-046,../marg/webapp-parity-map.csv,TAX-01;TAX-03,GSTIN verification,Check GSTIN registration/status; inspect results and apply reviewed party changes.,"Current authorized verification service, taxpayer context and fees; local fixtures show examples only.",preserved_in_scope,vendor_documented_or_advertised; see uncertainty,https://care.margcompusoft.com/marg-wallet/bulk-gstin-verification/183915/10/what-is-the-process-of-bulk-gstin-verification-through-marg-wallet,"{""concrete_user_workflow"": ""Check GSTIN registration/status; inspect results and apply reviewed party changes."", ""dependencies_uncertainties"": ""Current authorized verification service, taxpayer context and fees; local fixtures show examples only."", ""evidence_level"": ""vendor_documented_or_advertised; see uncertainty"", ""feature_id"": ""ADD-046"", ""inventory_origin"": ""additional_inventory"", ""proposed_browser_module"": ""GST setup"", ""scope_status"": ""preserved_in_scope"", ""source_basic"": """", ""source_feature"": ""GSTIN verification"", ""source_gold"": """", ""source_retrieved_date"": ""2026-09-24"", ""source_row_number"": """", ""source_sequence"": """", ""source_silver"": """", ""source_url"": ""https://care.margcompusoft.com/marg-wallet/bulk-gstin-verification/183915/10/what-is-the-process-of-bulk-gstin-verification-through-marg-wallet""}"
ADD-047,../marg/webapp-parity-map.csv,TAX-02,Place of supply and tax determination,Capture transaction context; preview applicable tax and reason; review exceptions.,"Effective-dated rules, exemptions and current legal validation; do not infer from GSTIN alone.",preserved_in_scope,vendor_documented_or_advertised; see uncertainty,https://care.margcompusoft.com/margerp/vat/41988/1/crc32,"{""concrete_user_workflow"": ""Capture transaction context; preview applicable tax and reason; review exceptions."", ""dependencies_uncertainties"": ""Effective-dated rules, exemptions and current legal validation; do not infer from GSTIN alone."", ""evidence_level"": ""vendor_documented_or_advertised; see uncertainty"", ""feature_id"": ""ADD-047"", ""inventory_origin"": ""additional_inventory"", ""proposed_browser_module"": ""GST setup"", ""scope_status"": ""preserved_in_scope"", ""source_basic"": """", ""source_feature"": ""Place of supply and tax determination"", ""source_gold"": """", ""source_retrieved_date"": ""2026-09-24"", ""source_row_number"": """", ""source_sequence"": """", ""source_silver"": """", ""source_url"": ""https://care.margcompusoft.com/margerp/vat/41988/1/crc32""}"
ADD-048,../marg/webapp-parity-map.csv,TAX-04;WORK-11,Single/bulk e-invoice lifecycle,Validate selected documents; submit authorized requests; inspect acknowledgements/rejections/cancellations.,"GSP/IRP access, credentials, applicability and time limits; local records must not invent genuine IRNs.",preserved_in_scope,vendor_documented_or_advertised; see uncertainty,https://care.margcompusoft.com/margerp/e-invoicing/167209/1/trees,"{""concrete_user_workflow"": ""Validate selected documents; submit authorized requests; inspect acknowledgements/rejections/cancellations."", ""dependencies_uncertainties"": ""GSP/IRP access, credentials, applicability and time limits; local records must not invent genuine IRNs."", ""evidence_level"": ""vendor_documented_or_advertised; see uncertainty"", ""feature_id"": ""ADD-048"", ""inventory_origin"": ""additional_inventory"", ""proposed_browser_module"": ""GST e-invoices"", ""scope_status"": ""preserved_in_scope"", ""source_basic"": """", ""source_feature"": ""Single/bulk e-invoice lifecycle"", ""source_gold"": """", ""source_retrieved_date"": ""2026-09-24"", ""source_row_number"": """", ""source_sequence"": """", ""source_silver"": """", ""source_url"": ""https://care.margcompusoft.com/margerp/e-invoicing/167209/1/trees""}"
ADD-049,../marg/webapp-parity-map.csv,TAX-05,E-way lifecycle and transport details,"Prepare transport/document details; track generation, permitted updates, cancellation and extensions.",Authorized integration and current rules; provider status and local draft remain distinct.,preserved_in_scope,vendor_documented_or_advertised; see uncertainty,https://care.margcompusoft.com/margerp/e-way-bill,"{""concrete_user_workflow"": ""Prepare transport/document details; track generation, permitted updates, cancellation and extensions."", ""dependencies_uncertainties"": ""Authorized integration and current rules; provider status and local draft remain distinct."", ""evidence_level"": ""vendor_documented_or_advertised; see uncertainty"", ""feature_id"": ""ADD-049"", ""inventory_origin"": ""additional_inventory"", ""proposed_browser_module"": ""GST e-way bills"", ""scope_status"": ""preserved_in_scope"", ""source_basic"": """", ""source_feature"": ""E-way lifecycle and transport details"", ""source_gold"": """", ""source_retrieved_date"": ""2026-09-24"", ""source_row_number"": """", ""source_sequence"": """", ""source_silver"": """", ""source_url"": ""https://care.margcompusoft.com/margerp/e-way-bill""}"
ADD-050,../marg/webapp-parity-map.csv,TAX-13,GSTR-1 preparation and connected filing,Select GSTIN/period; review JSON; upload through authorized service; retain signatory/filing status.,OTP/signature and government acceptance are separate from upload; never infer filing from a local success flag.,preserved_in_scope,vendor_documented_or_advertised; see uncertainty,https://care.margcompusoft.com/marg-wallet/gstr1-direct-filing/183917/10/how-to-upload-gstr1-directly-on-the-portal-through-marg-wallet,"{""concrete_user_workflow"": ""Select GSTIN/period; review JSON; upload through authorized service; retain signatory/filing status."", ""dependencies_uncertainties"": ""OTP/signature and government acceptance are separate from upload; never infer filing from a local success flag."", ""evidence_level"": ""vendor_documented_or_advertised; see uncertainty"", ""feature_id"": ""ADD-050"", ""inventory_origin"": ""additional_inventory"", ""proposed_browser_module"": ""GST outward returns"", ""scope_status"": ""preserved_in_scope"", ""source_basic"": """", ""source_feature"": ""GSTR-1 preparation and connected filing"", ""source_gold"": """", ""source_retrieved_date"": ""2026-09-24"", ""source_row_number"": """", ""source_sequence"": """", ""source_silver"": """", ""source_url"": ""https://care.margcompusoft.com/marg-wallet/gstr1-direct-filing/183917/10/how-to-upload-gstr1-directly-on-the-portal-through-marg-wallet""}"
ADD-051,../marg/webapp-parity-map.csv,TAX-07,GSTR-2B matching,"Import authorized portal data; review matched, mismatched and missing purchases; save resolutions.",Matching is separate from ITC eligibility; tolerances and amendment handling need reviewed examples.,preserved_in_scope,vendor_documented_or_advertised; see uncertainty,https://care.margcompusoft.com/margerp/gstr-2a-reconciliation/179260/utils/common,"{""concrete_user_workflow"": ""Import authorized portal data; review matched, mismatched and missing purchases; save resolutions."", ""dependencies_uncertainties"": ""Matching is separate from ITC eligibility; tolerances and amendment handling need reviewed examples."", ""evidence_level"": ""vendor_documented_or_advertised; see uncertainty"", ""feature_id"": ""ADD-051"", ""inventory_origin"": ""additional_inventory"", ""proposed_browser_module"": ""GST purchase reconciliation"", ""scope_status"": ""preserved_in_scope"", ""source_basic"": """", ""source_feature"": ""GSTR-2B matching"", ""source_gold"": """", ""source_retrieved_date"": ""2026-09-24"", ""source_row_number"": """", ""source_sequence"": """", ""source_silver"": """", ""source_url"": ""https://care.margcompusoft.com/margerp/gstr-2a-reconciliation/179260/utils/common""}"
ADD-052,../marg/webapp-parity-map.csv,TAX-13,GSTR-3B preparation,Review period totals and supporting transactions; export or use authorized filing workflow.,Current filing/signing process needs verification; legacy guide is not a complete legal specification.,preserved_in_scope,vendor_documented_or_advertised; see uncertainty,https://care.margcompusoft.com/margerp/gstr-3b/70197/1/what-is-the-process-of-gstr-3b-report-in-marg-erp-software,"{""concrete_user_workflow"": ""Review period totals and supporting transactions; export or use authorized filing workflow."", ""dependencies_uncertainties"": ""Current filing/signing process needs verification; legacy guide is not a complete legal specification."", ""evidence_level"": ""vendor_documented_or_advertised; see uncertainty"", ""feature_id"": ""ADD-052"", ""inventory_origin"": ""additional_inventory"", ""proposed_browser_module"": ""GST periodic liability"", ""scope_status"": ""preserved_in_scope"", ""source_basic"": """", ""source_feature"": ""GSTR-3B preparation"", ""source_gold"": """", ""source_retrieved_date"": ""2026-09-24"", ""source_row_number"": """", ""source_sequence"": """", ""source_silver"": """", ""source_url"": ""https://care.margcompusoft.com/margerp/gstr-3b/70197/1/what-is-the-process-of-gstr-3b-report-in-marg-erp-software""}"
ADD-053,../marg/webapp-parity-map.csv,TAX-13,Pre-filing error review,Find missing/duplicate/cancelled bills and tax errors; open affected document and record resolution.,"Current validation catalogue, severity and correction rules require accountant review.",preserved_in_scope,vendor_documented_or_advertised; see uncertainty,https://care.margcompusoft.com/Question.aspx/17429/1/Internal-audit-mismatch-error-,"{""concrete_user_workflow"": ""Find missing/duplicate/cancelled bills and tax errors; open affected document and record resolution."", ""dependencies_uncertainties"": ""Current validation catalogue, severity and correction rules require accountant review."", ""evidence_level"": ""vendor_documented_or_advertised; see uncertainty"", ""feature_id"": ""ADD-053"", ""inventory_origin"": ""additional_inventory"", ""proposed_browser_module"": ""GST audit checks"", ""scope_status"": ""preserved_in_scope"", ""source_basic"": """", ""source_feature"": ""Pre-filing error review"", ""source_gold"": """", ""source_retrieved_date"": ""2026-09-24"", ""source_row_number"": """", ""source_sequence"": """", ""source_silver"": """", ""source_url"": ""https://care.margcompusoft.com/Question.aspx/17429/1/Internal-audit-mismatch-error-""}"
ADD-054,../marg/webapp-parity-map.csv,TAX-15;TAX-18,Multiple GSTIN and annual-return services,Switch authorized GSTINs; prepare annual/periodic returns and full-year reconciliations.,"Advertised CA service breadth; exact supported returns, filing and shared-review functions need confirmation.",preserved_in_scope,vendor_documented_or_advertised; see uncertainty,https://margcompusoft.com/gst_software.html,"{""concrete_user_workflow"": ""Switch authorized GSTINs; prepare annual/periodic returns and full-year reconciliations."", ""dependencies_uncertainties"": ""Advertised CA service breadth; exact supported returns, filing and shared-review functions need confirmation."", ""evidence_level"": ""vendor_documented_or_advertised; see uncertainty"", ""feature_id"": ""ADD-054"", ""inventory_origin"": ""additional_inventory"", ""proposed_browser_module"": ""GST accountant workspace"", ""scope_status"": ""preserved_in_scope"", ""source_basic"": """", ""source_feature"": ""Multiple GSTIN and annual-return services"", ""source_gold"": """", ""source_retrieved_date"": ""2026-09-24"", ""source_row_number"": """", ""source_sequence"": """", ""source_silver"": """", ""source_url"": ""https://margcompusoft.com/gst_software.html""}"
ADD-055,../marg/webapp-parity-map.csv,TAX-20,GST/MRP rate revisions,Import or enter revised effective-dated rates; review affected products and future billing.,Preserve historical transactions; current product-specific rules and rollback semantics need validation.,preserved_in_scope,vendor_documented_or_advertised; see uncertainty,https://margcompusoft.com/marg-support.html,"{""concrete_user_workflow"": ""Import or enter revised effective-dated rates; review affected products and future billing."", ""dependencies_uncertainties"": ""Preserve historical transactions; current product-specific rules and rollback semantics need validation."", ""evidence_level"": ""vendor_documented_or_advertised; see uncertainty"", ""feature_id"": ""ADD-055"", ""inventory_origin"": ""additional_inventory"", ""proposed_browser_module"": ""GST rate maintenance"", ""scope_status"": ""preserved_in_scope"", ""source_basic"": """", ""source_feature"": ""GST/MRP rate revisions"", ""source_gold"": """", ""source_retrieved_date"": ""2026-09-24"", ""source_row_number"": """", ""source_sequence"": """", ""source_silver"": """", ""source_url"": ""https://margcompusoft.com/marg-support.html""}"
ADD-056,../marg/webapp-parity-map.csv,TAX-09;TAX-13,IMS and modern GSTR-1A scope,Review applicable invoice actions/amendments and their consequences in a dedicated browser workspace.,"Marg operational parity is unverified; preserve requested scope for clarification, not claim demonstrated support.",preserved_in_scope,vendor_documented_or_advertised; see uncertainty,https://main.margcompusoft.com/m/what-is-an-invoice-management-system-and-how-marg-erp-keeps-you-gst-compliant/,"{""concrete_user_workflow"": ""Review applicable invoice actions/amendments and their consequences in a dedicated browser workspace."", ""dependencies_uncertainties"": ""Marg operational parity is unverified; preserve requested scope for clarification, not claim demonstrated support."", ""evidence_level"": ""vendor_documented_or_advertised; see uncertainty"", ""feature_id"": ""ADD-056"", ""inventory_origin"": ""additional_inventory"", ""proposed_browser_module"": ""GST invoice actions"", ""scope_status"": ""preserved_in_scope"", ""source_basic"": """", ""source_feature"": ""IMS and modern GSTR-1A scope"", ""source_gold"": """", ""source_retrieved_date"": ""2026-09-24"", ""source_row_number"": """", ""source_sequence"": """", ""source_silver"": """", ""source_url"": ""https://main.margcompusoft.com/m/what-is-an-invoice-management-system-and-how-marg-erp-keeps-you-gst-compliant/""}"
ADD-057,../marg/webapp-parity-map.csv,ERP-031,Year close and opening balances,Review closing balances; carry stock/accounts/outstanding to a new period; reconcile differences.,Preserve prior-year evidence and permissions; no silent retroactive recalculation.,preserved_in_scope,vendor_documented_or_advertised; see uncertainty,https://care.margcompusoft.com/margerp/profit-and-loss/57064/1/null,"{""concrete_user_workflow"": ""Review closing balances; carry stock/accounts/outstanding to a new period; reconcile differences."", ""dependencies_uncertainties"": ""Preserve prior-year evidence and permissions; no silent retroactive recalculation."", ""evidence_level"": ""vendor_documented_or_advertised; see uncertainty"", ""feature_id"": ""ADD-057"", ""inventory_origin"": ""additional_inventory"", ""proposed_browser_module"": ""Company administration"", ""scope_status"": ""preserved_in_scope"", ""source_basic"": """", ""source_feature"": ""Year close and opening balances"", ""source_gold"": """", ""source_retrieved_date"": ""2026-09-24"", ""source_row_number"": """", ""source_sequence"": """", ""source_silver"": """", ""source_url"": ""https://care.margcompusoft.com/margerp/profit-and-loss/57064/1/null""}"
ADD-058,../marg/webapp-parity-map.csv,ERP-024;WORK-12,Period freeze and reopen,Restrict edits to approved periods; review authorized reopen requests and affected reports.,Specific Marg semantics require demonstration; approvals and audit must reflect reopened changes.,preserved_in_scope,vendor_documented_or_advertised; see uncertainty,https://care.margcompusoft.com/margerp/changes-history,"{""concrete_user_workflow"": ""Restrict edits to approved periods; review authorized reopen requests and affected reports."", ""dependencies_uncertainties"": ""Specific Marg semantics require demonstration; approvals and audit must reflect reopened changes."", ""evidence_level"": ""vendor_documented_or_advertised; see uncertainty"", ""feature_id"": ""ADD-058"", ""inventory_origin"": ""additional_inventory"", ""proposed_browser_module"": ""Control administration"", ""scope_status"": ""preserved_in_scope"", ""source_basic"": """", ""source_feature"": ""Period freeze and reopen"", ""source_gold"": """", ""source_retrieved_date"": ""2026-09-24"", ""source_row_number"": """", ""source_sequence"": """", ""source_silver"": """", ""source_url"": ""https://care.margcompusoft.com/margerp/changes-history""}"
ADD-059,../marg/webapp-parity-map.csv,ERP-031,Cloud/Books access jobs,Access company records through the browser and review a complete migration/export package.,Preserve user jobs; do not recreate hosted desktop/native products; source local-cloud sync is constrained.,preserved_in_scope,vendor_documented_or_advertised; see uncertainty,https://care.margcompusoft.com/marg-cloud/f-a-q/184484/12/marg-cloud-faq-s,"{""concrete_user_workflow"": ""Access company records through the browser and review a complete migration/export package."", ""dependencies_uncertainties"": ""Preserve user jobs; do not recreate hosted desktop/native products; source local-cloud sync is constrained."", ""evidence_level"": ""vendor_documented_or_advertised; see uncertainty"", ""feature_id"": ""ADD-059"", ""inventory_origin"": ""additional_inventory"", ""proposed_browser_module"": ""Product access and migration"", ""scope_status"": ""preserved_in_scope"", ""source_basic"": """", ""source_feature"": ""Cloud/Books access jobs"", ""source_gold"": """", ""source_retrieved_date"": ""2026-09-24"", ""source_row_number"": """", ""source_sequence"": """", ""source_silver"": """", ""source_url"": ""https://care.margcompusoft.com/marg-cloud/f-a-q/184484/12/marg-cloud-faq-s""}"
ADD-060,../marg/webapp-parity-map.csv,ERP-043,"Hallmark, insurance and article catalogue",Maintain article identification/hallmark references and catalogue; record associated insurance details.,Insurance service access and applicable hallmark requirements require external validation.,preserved_in_scope,vendor_documented_or_advertised; see uncertainty,https://margcompusoft.com/accounting_software.html,"{""concrete_user_workflow"": ""Maintain article identification/hallmark references and catalogue; record associated insurance details."", ""dependencies_uncertainties"": ""Insurance service access and applicable hallmark requirements require external validation."", ""evidence_level"": ""vendor_documented_or_advertised; see uncertainty"", ""feature_id"": ""ADD-060"", ""inventory_origin"": ""additional_inventory"", ""proposed_browser_module"": ""Jewellery records"", ""scope_status"": ""preserved_in_scope"", ""source_basic"": """", ""source_feature"": ""Hallmark, insurance and article catalogue"", ""source_gold"": """", ""source_retrieved_date"": ""2026-09-24"", ""source_row_number"": """", ""source_sequence"": """", ""source_silver"": """", ""source_url"": ""https://margcompusoft.com/accounting_software.html""}"
ADD-061,../marg/webapp-parity-map.csv,TAX-15;WORK-01;WORK-07;WORK-08;WORK-13,Multi-company and branch operations,Create/select legal companies and branches; maintain independent company books; inspect branch operations and consolidated management views.,"User-confirmed scope; distinguish company, branch, warehouse and GSTIN; intercompany transactions and consolidation rules require examples.",preserved_in_scope,explicit user instruction relayed 2026-09-24,"user instruction: multi-company, multiGSTIN, multi-branch; staff prepare and accountant/CA review","{""concrete_user_workflow"": ""Create/select legal companies and branches; maintain independent company books; inspect branch operations and consolidated management views."", ""dependencies_uncertainties"": ""User-confirmed scope; distinguish company, branch, warehouse and GSTIN; intercompany transactions and consolidation rules require examples."", ""evidence_level"": ""explicit user instruction relayed 2026-09-24"", ""feature_id"": ""ADD-061"", ""inventory_origin"": ""user_confirmed_scope"", ""proposed_browser_module"": ""Business organization"", ""scope_status"": ""preserved_in_scope"", ""source_basic"": """", ""source_feature"": ""Multi-company and branch operations"", ""source_gold"": """", ""source_retrieved_date"": ""2026-09-24"", ""source_row_number"": """", ""source_sequence"": """", ""source_silver"": """", ""source_url"": ""user instruction: multi-company, multiGSTIN, multi-branch; staff prepare and accountant/CA review""}"
ADD-062,../marg/webapp-parity-map.csv,TAX-01;TAX-15;WORK-07;WORK-08,Multiple GSTIN statutory workspaces,Assign applicable GST registrations to business locations; prepare/review each GSTIN return by period and retain its filing evidence.,User-confirmed scope; consolidated views never replace registration-specific statutory returns; intra/inter-registration stock and tax treatment require reviewed rules.,preserved_in_scope,explicit user instruction relayed 2026-09-24,"user instruction: multi-company, multiGSTIN, multi-branch; staff prepare and accountant/CA review","{""concrete_user_workflow"": ""Assign applicable GST registrations to business locations; prepare/review each GSTIN return by period and retain its filing evidence."", ""dependencies_uncertainties"": ""User-confirmed scope; consolidated views never replace registration-specific statutory returns; intra/inter-registration stock and tax treatment require reviewed rules."", ""evidence_level"": ""explicit user instruction relayed 2026-09-24"", ""feature_id"": ""ADD-062"", ""inventory_origin"": ""user_confirmed_scope"", ""proposed_browser_module"": ""GST registrations"", ""scope_status"": ""preserved_in_scope"", ""source_basic"": """", ""source_feature"": ""Multiple GSTIN statutory workspaces"", ""source_gold"": """", ""source_retrieved_date"": ""2026-09-24"", ""source_row_number"": """", ""source_sequence"": """", ""source_silver"": """", ""source_url"": ""user instruction: multi-company, multiGSTIN, multi-branch; staff prepare and accountant/CA review""}"
ADD-063,../marg/webapp-parity-map.csv,ERP-024;TAX-24;WORK-01;WORK-04;WORK-07;WORK-08;WORK-10;WORK-13,Staff preparation and accountant/CA review,"Staff prepare documents and period work; accountant/CA reviews evidence, requests corrections and records approval within permitted business scope.","User-confirmed scope; filing/signing authority remains separate; clarify preparer self-review, reassignment, exceptions and changes after approval.",preserved_in_scope,explicit user instruction relayed 2026-09-24,"user instruction: multi-company, multiGSTIN, multi-branch; staff prepare and accountant/CA review","{""concrete_user_workflow"": ""Staff prepare documents and period work; accountant/CA reviews evidence, requests corrections and records approval within permitted business scope."", ""dependencies_uncertainties"": ""User-confirmed scope; filing/signing authority remains separate; clarify preparer self-review, reassignment, exceptions and changes after approval."", ""evidence_level"": ""explicit user instruction relayed 2026-09-24"", ""feature_id"": ""ADD-063"", ""inventory_origin"": ""user_confirmed_scope"", ""proposed_browser_module"": ""Accountant review"", ""scope_status"": ""preserved_in_scope"", ""source_basic"": """", ""source_feature"": ""Staff preparation and accountant/CA review"", ""source_gold"": """", ""source_retrieved_date"": ""2026-09-24"", ""source_row_number"": """", ""source_sequence"": """", ""source_silver"": """", ""source_url"": ""user instruction: multi-company, multiGSTIN, multi-branch; staff prepare and accountant/CA review""}"
GST-01,../marg/gst-capability-map.csv,TAX-01;WORK-02;WORK-07;WORK-08,Registration and applicability,"Effective-dated registration/regime, filing frequency, turnover history, authorized signatory, declared locations and obligations. Explain why each return or document requirement applies.",Detailed workflows: gst-outward-workflows.md; portal_mode=deferred_by_user; delivery_priority=not_selected,proposed_product_capability,original_proposed_GST_capability_not_vendor_parity_claim,../marg/gst-outward-workflows.md,"{""capability_id"": ""GST-01"", ""delivery_priority"": ""not_selected"", ""features_and_outcome"": ""Effective-dated registration/regime, filing frequency, turnover history, authorized signatory, declared locations and obligations. Explain why each return or document requirement applies."", ""portal_mode"": ""deferred_by_user"", ""scope_status"": ""proposed_product_capability"", ""workflow_document"": ""gst-outward-workflows.md"", ""workspace"": ""Registration and applicability""}"
GST-02,../marg/gst-capability-map.csv,TAX-02,Tax masters and policies,"HSN/SAC/UQC, taxability, cess and valuation rules, place-of-supply decisions, bill-to/ship-to, exemptions and rate history. Record the basis and reviewer for exceptional classifications.",Detailed workflows: gst-outward-workflows.md; portal_mode=deferred_by_user; delivery_priority=not_selected,proposed_product_capability,original_proposed_GST_capability_not_vendor_parity_claim,../marg/gst-outward-workflows.md,"{""capability_id"": ""GST-02"", ""delivery_priority"": ""not_selected"", ""features_and_outcome"": ""HSN/SAC/UQC, taxability, cess and valuation rules, place-of-supply decisions, bill-to/ship-to, exemptions and rate history. Record the basis and reviewer for exceptional classifications."", ""portal_mode"": ""deferred_by_user"", ""scope_status"": ""proposed_product_capability"", ""workflow_document"": ""gst-outward-workflows.md"", ""workspace"": ""Tax masters and policies""}"
GST-03,../marg/gst-capability-map.csv,TAX-03;WORK-10;WORK-11,Invoice assistant,"Line-level explanation, GSTIN checks with verification date, arithmetic/rounding review, duplicates, party status and tax-inclusive pricing. Preview corrections and preserve original evidence.",Detailed workflows: gst-outward-workflows.md; portal_mode=deferred_by_user; delivery_priority=not_selected,proposed_product_capability,original_proposed_GST_capability_not_vendor_parity_claim,../marg/gst-outward-workflows.md,"{""capability_id"": ""GST-03"", ""delivery_priority"": ""not_selected"", ""features_and_outcome"": ""Line-level explanation, GSTIN checks with verification date, arithmetic/rounding review, duplicates, party status and tax-inclusive pricing. Preview corrections and preserve original evidence."", ""portal_mode"": ""deferred_by_user"", ""scope_status"": ""proposed_product_capability"", ""workflow_document"": ""gst-outward-workflows.md"", ""workspace"": ""Invoice assistant""}"
GST-04,../marg/gst-capability-map.csv,TAX-04,E-invoice workbench,"Applicability, validation, registration, original acknowledgement/QR evidence, errors, cancellation eligibility and uncertain-response recovery. Link all attempts to one document.",Detailed workflows: gst-outward-workflows.md; portal_mode=deferred_by_user; delivery_priority=not_selected,proposed_product_capability,original_proposed_GST_capability_not_vendor_parity_claim,../marg/gst-outward-workflows.md,"{""capability_id"": ""GST-04"", ""delivery_priority"": ""not_selected"", ""features_and_outcome"": ""Applicability, validation, registration, original acknowledgement/QR evidence, errors, cancellation eligibility and uncertain-response recovery. Link all attempts to one document."", ""portal_mode"": ""deferred_by_user"", ""scope_status"": ""proposed_product_capability"", ""workflow_document"": ""gst-outward-workflows.md"", ""workspace"": ""E-invoice workbench""}"
GST-05,../marg/gst-capability-map.csv,TAX-05,Transport compliance,"E-way applicability, transport/vehicle details, generation, updates, validity/extension checks, consolidation and dispatch readiness. Respect active rules rather than withdrawn announcements.",Detailed workflows: gst-outward-workflows.md; portal_mode=deferred_by_user; delivery_priority=not_selected,proposed_product_capability,original_proposed_GST_capability_not_vendor_parity_claim,../marg/gst-outward-workflows.md,"{""capability_id"": ""GST-05"", ""delivery_priority"": ""not_selected"", ""features_and_outcome"": ""E-way applicability, transport/vehicle details, generation, updates, validity/extension checks, consolidation and dispatch readiness. Respect active rules rather than withdrawn announcements."", ""portal_mode"": ""deferred_by_user"", ""scope_status"": ""proposed_product_capability"", ""workflow_document"": ""gst-outward-workflows.md"", ""workspace"": ""Transport compliance""}"
GST-06,../marg/gst-capability-map.csv,TAX-06;WORK-05;WORK-09;WORK-10;WORK-11,Purchase evidence inbox,"PDF/photo/spreadsheet/manual capture, field provenance, party/item mapping, PO/receipt/service evidence, duplicate controls and quantity/rate/tax variances.",Detailed workflows: gst-inward-workflows.md; portal_mode=deferred_by_user; delivery_priority=not_selected,proposed_product_capability,original_proposed_GST_capability_not_vendor_parity_claim,../marg/gst-inward-workflows.md,"{""capability_id"": ""GST-06"", ""delivery_priority"": ""not_selected"", ""features_and_outcome"": ""PDF/photo/spreadsheet/manual capture, field provenance, party/item mapping, PO/receipt/service evidence, duplicate controls and quantity/rate/tax variances."", ""portal_mode"": ""deferred_by_user"", ""scope_status"": ""proposed_product_capability"", ""workflow_document"": ""gst-inward-workflows.md"", ""workspace"": ""Purchase evidence inbox""}"
GST-07,../marg/gst-capability-map.csv,TAX-07;WORK-10;WORK-11;WORK-12,Reconciliation,"Books versus 2B/IMS, sales versus IRP/GSTR-1, amendments, prior periods, credit notes and imported documents. Explain proposed matches and isolate unexplained differences.",Detailed workflows: gst-inward-workflows.md; portal_mode=deferred_by_user; delivery_priority=not_selected,proposed_product_capability,original_proposed_GST_capability_not_vendor_parity_claim,../marg/gst-inward-workflows.md,"{""capability_id"": ""GST-07"", ""delivery_priority"": ""not_selected"", ""features_and_outcome"": ""Books versus 2B/IMS, sales versus IRP/GSTR-1, amendments, prior periods, credit notes and imported documents. Explain proposed matches and isolate unexplained differences."", ""portal_mode"": ""deferred_by_user"", ""scope_status"": ""proposed_product_capability"", ""workflow_document"": ""gst-inward-workflows.md"", ""workspace"": ""Reconciliation""}"
GST-08,../marg/gst-capability-map.csv,TAX-08;WORK-02;WORK-09,ITC review,Eligibility at line/amount level; evidence requirements; blocked/common/nonbusiness credit; receipt/payment conditions; claim history; reversals/reclaims; deadline exposure.,Detailed workflows: gst-inward-workflows.md; portal_mode=deferred_by_user; delivery_priority=not_selected,proposed_product_capability,original_proposed_GST_capability_not_vendor_parity_claim,../marg/gst-inward-workflows.md,"{""capability_id"": ""GST-08"", ""delivery_priority"": ""not_selected"", ""features_and_outcome"": ""Eligibility at line/amount level; evidence requirements; blocked/common/nonbusiness credit; receipt/payment conditions; claim history; reversals/reclaims; deadline exposure."", ""portal_mode"": ""deferred_by_user"", ""scope_status"": ""proposed_product_capability"", ""workflow_document"": ""gst-inward-workflows.md"", ""workspace"": ""ITC review""}"
GST-09,../marg/gst-capability-map.csv,TAX-09,IMS decisions,"Allowed actions per record/period, consequence preview, no-action exposure, pending deadlines, remarks, actual reversal amounts and acknowledgement/recomputation checks.",Detailed workflows: gst-inward-workflows.md; portal_mode=deferred_by_user; delivery_priority=not_selected,proposed_product_capability,original_proposed_GST_capability_not_vendor_parity_claim,../marg/gst-inward-workflows.md,"{""capability_id"": ""GST-09"", ""delivery_priority"": ""not_selected"", ""features_and_outcome"": ""Allowed actions per record/period, consequence preview, no-action exposure, pending deadlines, remarks, actual reversal amounts and acknowledgement/recomputation checks."", ""portal_mode"": ""deferred_by_user"", ""scope_status"": ""proposed_product_capability"", ""workflow_document"": ""gst-inward-workflows.md"", ""workspace"": ""IMS decisions""}"
GST-10,../marg/gst-capability-map.csv,TAX-10;WORK-02;WORK-03;WORK-04;WORK-06;WORK-08;WORK-09;WORK-10;WORK-13,Supplier/customer resolution,"Dispute bundles, follow-up drafts, evidence exchange, owner assignment and reminders. Commercial payment decisions remain separate from a GST mismatch.",Detailed workflows: gst-inward-workflows.md; portal_mode=deferred_by_user; delivery_priority=not_selected,proposed_product_capability,original_proposed_GST_capability_not_vendor_parity_claim,../marg/gst-inward-workflows.md,"{""capability_id"": ""GST-10"", ""delivery_priority"": ""not_selected"", ""features_and_outcome"": ""Dispute bundles, follow-up drafts, evidence exchange, owner assignment and reminders. Commercial payment decisions remain separate from a GST mismatch."", ""portal_mode"": ""deferred_by_user"", ""scope_status"": ""proposed_product_capability"", ""workflow_document"": ""gst-inward-workflows.md"", ""workspace"": ""Supplier/customer resolution""}"
GST-11,../marg/gst-capability-map.csv,TAX-11,"Returns, claims and notes",Original-invoice-linked returns; expiry/breakage/destruction; replacements; discounts; commercial notes versus GST adjustments; tax and stock effects reviewed separately.,Detailed workflows: gst-outward-workflows.md; portal_mode=deferred_by_user; delivery_priority=not_selected,proposed_product_capability,original_proposed_GST_capability_not_vendor_parity_claim,../marg/gst-outward-workflows.md,"{""capability_id"": ""GST-11"", ""delivery_priority"": ""not_selected"", ""features_and_outcome"": ""Original-invoice-linked returns; expiry/breakage/destruction; replacements; discounts; commercial notes versus GST adjustments; tax and stock effects reviewed separately."", ""portal_mode"": ""deferred_by_user"", ""scope_status"": ""proposed_product_capability"", ""workflow_document"": ""gst-outward-workflows.md"", ""workspace"": ""Returns, claims and notes""}"
GST-12,../marg/gst-capability-map.csv,TAX-12,RCM and adjustments,"Classified obligations, self-documentation where applicable, tax liability/payment evidence and separately reviewed ITC. Explain applicability rather than treating every unregistered purchase as RCM.",Detailed workflows: gst-special-cases.md; portal_mode=deferred_by_user; delivery_priority=not_selected,proposed_product_capability,original_proposed_GST_capability_not_vendor_parity_claim,../marg/gst-special-cases.md,"{""capability_id"": ""GST-12"", ""delivery_priority"": ""not_selected"", ""features_and_outcome"": ""Classified obligations, self-documentation where applicable, tax liability/payment evidence and separately reviewed ITC. Explain applicability rather than treating every unregistered purchase as RCM."", ""portal_mode"": ""deferred_by_user"", ""scope_status"": ""proposed_product_capability"", ""workflow_document"": ""gst-special-cases.md"", ""workspace"": ""RCM and adjustments""}"
GST-13,../marg/gst-capability-map.csv,TAX-13;WORK-02;WORK-03;WORK-04;WORK-05;WORK-07;WORK-10;WORK-11;WORK-12;WORK-13,Filing workspace,"Period checklist, GSTR-1/IFF/1A and 3B preparation, other applicable forms, variance bridge, approvals, export/upload/signing status, official acknowledgements and locked filed snapshots.",Detailed workflows: gst-outward-workflows.md; portal_mode=deferred_by_user; delivery_priority=not_selected,proposed_product_capability,original_proposed_GST_capability_not_vendor_parity_claim,../marg/gst-outward-workflows.md,"{""capability_id"": ""GST-13"", ""delivery_priority"": ""not_selected"", ""features_and_outcome"": ""Period checklist, GSTR-1/IFF/1A and 3B preparation, other applicable forms, variance bridge, approvals, export/upload/signing status, official acknowledgements and locked filed snapshots."", ""portal_mode"": ""deferred_by_user"", ""scope_status"": ""proposed_product_capability"", ""workflow_document"": ""gst-outward-workflows.md"", ""workspace"": ""Filing workspace""}"
GST-14,../marg/gst-capability-map.csv,TAX-14;WORK-09,Liability and payment view,"Estimated versus approved liabilities, credit/cash ledger evidence, allocation, payment references, interest/late-fee review and period-specific obligations. Bank payment is not automatically proof of return filing.",Detailed workflows: gst-special-cases.md; portal_mode=deferred_by_user; delivery_priority=not_selected,proposed_product_capability,original_proposed_GST_capability_not_vendor_parity_claim,../marg/gst-special-cases.md,"{""capability_id"": ""GST-14"", ""delivery_priority"": ""not_selected"", ""features_and_outcome"": ""Estimated versus approved liabilities, credit/cash ledger evidence, allocation, payment references, interest/late-fee review and period-specific obligations. Bank payment is not automatically proof of return filing."", ""portal_mode"": ""deferred_by_user"", ""scope_status"": ""proposed_product_capability"", ""workflow_document"": ""gst-special-cases.md"", ""workspace"": ""Liability and payment view""}"
GST-15,../marg/gst-capability-map.csv,TAX-15;WORK-08,Multi-GSTIN operations,"Same-registration movement, distinct-person supply and ISD workflows remain separate. Pair sending/receiving records and reconcile interbranch discrepancies without concealing them in group totals.",Detailed workflows: gst-special-cases.md; portal_mode=deferred_by_user; delivery_priority=not_selected,proposed_product_capability,original_proposed_GST_capability_not_vendor_parity_claim,../marg/gst-special-cases.md,"{""capability_id"": ""GST-15"", ""delivery_priority"": ""not_selected"", ""features_and_outcome"": ""Same-registration movement, distinct-person supply and ISD workflows remain separate. Pair sending/receiving records and reconcile interbranch discrepancies without concealing them in group totals."", ""portal_mode"": ""deferred_by_user"", ""scope_status"": ""proposed_product_capability"", ""workflow_document"": ""gst-special-cases.md"", ""workspace"": ""Multi-GSTIN operations""}"
GST-16,../marg/gst-capability-map.csv,TAX-16;WORK-05;WORK-06,"Imports, exports and SEZ","BoE/customs evidence, import credit matching, export/SEZ applicability, LUT/bond evidence where relevant and refund dossier/status. Domestic matching rules cannot be blindly reused.",Detailed workflows: gst-special-cases.md; portal_mode=deferred_by_user; delivery_priority=not_selected,proposed_product_capability,original_proposed_GST_capability_not_vendor_parity_claim,../marg/gst-special-cases.md,"{""capability_id"": ""GST-16"", ""delivery_priority"": ""not_selected"", ""features_and_outcome"": ""BoE/customs evidence, import credit matching, export/SEZ applicability, LUT/bond evidence where relevant and refund dossier/status. Domestic matching rules cannot be blindly reused."", ""portal_mode"": ""deferred_by_user"", ""scope_status"": ""proposed_product_capability"", ""workflow_document"": ""gst-special-cases.md"", ""workspace"": ""Imports, exports and SEZ""}"
GST-17,../marg/gst-capability-map.csv,TAX-17,Special taxpayer regimes,"Composition, QRMP and relevant TDS/TCS/ISD cases with registration-specific forms, rights and calculations. Keep GST deductions distinct from income-tax deductions.",Detailed workflows: gst-special-cases.md; portal_mode=deferred_by_user; delivery_priority=not_selected,proposed_product_capability,original_proposed_GST_capability_not_vendor_parity_claim,../marg/gst-special-cases.md,"{""capability_id"": ""GST-17"", ""delivery_priority"": ""not_selected"", ""features_and_outcome"": ""Composition, QRMP and relevant TDS/TCS/ISD cases with registration-specific forms, rights and calculations. Keep GST deductions distinct from income-tax deductions."", ""portal_mode"": ""deferred_by_user"", ""scope_status"": ""proposed_product_capability"", ""workflow_document"": ""gst-special-cases.md"", ""workspace"": ""Special taxpayer regimes""}"
GST-18,../marg/gst-capability-map.csv,TAX-18;WORK-02;WORK-11,Annual compliance and migration,"GSTR-9/9C where applicable, financial-year versus return-period reconciliation, historic claims/reversals, migration control totals and unresolved opening cases.",Detailed workflows: gst-special-cases.md; portal_mode=deferred_by_user; delivery_priority=not_selected,proposed_product_capability,original_proposed_GST_capability_not_vendor_parity_claim,../marg/gst-special-cases.md,"{""capability_id"": ""GST-18"", ""delivery_priority"": ""not_selected"", ""features_and_outcome"": ""GSTR-9/9C where applicable, financial-year versus return-period reconciliation, historic claims/reversals, migration control totals and unresolved opening cases."", ""portal_mode"": ""deferred_by_user"", ""scope_status"": ""proposed_product_capability"", ""workflow_document"": ""gst-special-cases.md"", ""workspace"": ""Annual compliance and migration""}"
GST-19,../marg/gst-capability-map.csv,TAX-19;WORK-02;WORK-03;WORK-05;WORK-06;WORK-10;WORK-12,Notices and evidence,"Notice intake, response dates, issue-to-transaction links, evidence bundles, response versions and authorized submission/acknowledgement. No fabricated legal response or automatic admission.",Detailed workflows: gst-special-cases.md; portal_mode=deferred_by_user; delivery_priority=not_selected,proposed_product_capability,original_proposed_GST_capability_not_vendor_parity_claim,../marg/gst-special-cases.md,"{""capability_id"": ""GST-19"", ""delivery_priority"": ""not_selected"", ""features_and_outcome"": ""Notice intake, response dates, issue-to-transaction links, evidence bundles, response versions and authorized submission/acknowledgement. No fabricated legal response or automatic admission."", ""portal_mode"": ""deferred_by_user"", ""scope_status"": ""proposed_product_capability"", ""workflow_document"": ""gst-special-cases.md"", ""workspace"": ""Notices and evidence""}"
GST-20,../marg/gst-capability-map.csv,TAX-20;WORK-02;WORK-12,Compliance change workbench,"Source/effective-date/supersession tracking, rate/MRP transition previews, impact assessment, reviewer sign-off and period-specific audit evidence.",Detailed workflows: gst-outward-workflows.md; portal_mode=deferred_by_user; delivery_priority=not_selected,proposed_product_capability,original_proposed_GST_capability_not_vendor_parity_claim,../marg/gst-outward-workflows.md,"{""capability_id"": ""GST-20"", ""delivery_priority"": ""not_selected"", ""features_and_outcome"": ""Source/effective-date/supersession tracking, rate/MRP transition previews, impact assessment, reviewer sign-off and period-specific audit evidence."", ""portal_mode"": ""deferred_by_user"", ""scope_status"": ""proposed_product_capability"", ""workflow_document"": ""gst-outward-workflows.md"", ""workspace"": ""Compliance change workbench""}"
GST-21,../marg/gst-capability-map.csv,TAX-21,Common credit and capital goods,"Attribute exclusive/common use, document allocation bases, prepare periodic reversal and applicable annual adjustment, track capital-goods history and preserve reviewer-approved calculations.",Detailed workflows: gst-inward-workflows.md; portal_mode=deferred_by_user; delivery_priority=not_selected,proposed_product_capability,original_proposed_GST_capability_not_vendor_parity_claim,../marg/gst-inward-workflows.md,"{""capability_id"": ""GST-21"", ""delivery_priority"": ""not_selected"", ""features_and_outcome"": ""Attribute exclusive/common use, document allocation bases, prepare periodic reversal and applicable annual adjustment, track capital-goods history and preserve reviewer-approved calculations."", ""portal_mode"": ""deferred_by_user"", ""scope_status"": ""proposed_product_capability"", ""workflow_document"": ""gst-inward-workflows.md"", ""workspace"": ""Common credit and capital goods""}"
GST-22,../marg/gst-capability-map.csv,TAX-22,Job work,"Principal/job-worker roles, challans, goods sent and partially returned, direct dispatch, scrap/waste, applicable statutory clocks and reporting, and overdue-case assessment.",Detailed workflows: gst-special-cases.md; portal_mode=deferred_by_user; delivery_priority=not_selected,proposed_product_capability,original_proposed_GST_capability_not_vendor_parity_claim,../marg/gst-special-cases.md,"{""capability_id"": ""GST-22"", ""delivery_priority"": ""not_selected"", ""features_and_outcome"": ""Principal/job-worker roles, challans, goods sent and partially returned, direct dispatch, scrap/waste, applicable statutory clocks and reporting, and overdue-case assessment."", ""portal_mode"": ""deferred_by_user"", ""scope_status"": ""proposed_product_capability"", ""workflow_document"": ""gst-special-cases.md"", ""workspace"": ""Job work""}"
GST-23,../marg/gst-capability-map.csv,TAX-23,Advances and adjustments,"Receipt/payment evidence, receipt/refund vouchers where applicable, goods/services tax assessment, allocation to invoices, cancellation/refund, unadjusted balances and period reporting.",Detailed workflows: gst-outward-workflows.md; portal_mode=deferred_by_user; delivery_priority=not_selected,proposed_product_capability,original_proposed_GST_capability_not_vendor_parity_claim,../marg/gst-outward-workflows.md,"{""capability_id"": ""GST-23"", ""delivery_priority"": ""not_selected"", ""features_and_outcome"": ""Receipt/payment evidence, receipt/refund vouchers where applicable, goods/services tax assessment, allocation to invoices, cancellation/refund, unadjusted balances and period reporting."", ""portal_mode"": ""deferred_by_user"", ""scope_status"": ""proposed_product_capability"", ""workflow_document"": ""gst-outward-workflows.md"", ""workspace"": ""Advances and adjustments""}"
GST-24,../marg/gst-capability-map.csv,TAX-24;WORK-01;WORK-02;WORK-03;WORK-04;WORK-05;WORK-06;WORK-07;WORK-08;WORK-10;WORK-11;WORK-12;WORK-13,CA engagement and review,"Explicit client/company/GSTIN access, assigned preparations, versioned review packs, reviewer reassignment, approval independence policy, client handover and access revocation.",Detailed workflows: product-and-gst-workflow-map.md; portal_mode=deferred_by_user; delivery_priority=not_selected,proposed_product_capability,original_proposed_GST_capability_not_vendor_parity_claim,../marg/product-and-gst-workflow-map.md,"{""capability_id"": ""GST-24"", ""delivery_priority"": ""not_selected"", ""features_and_outcome"": ""Explicit client/company/GSTIN access, assigned preparations, versioned review packs, reviewer reassignment, approval independence policy, client handover and access revocation."", ""portal_mode"": ""deferred_by_user"", ""scope_status"": ""proposed_product_capability"", ""workflow_document"": ""product-and-gst-workflow-map.md"", ""workspace"": ""CA engagement and review""}"
